flow,batch_id,decision_ms_median,total_ms_median,n,mode
loan_to_aml,1,1.1965129999964574,11.279066499980672,200,baseline
loan_to_aml,2,1.1863445000130923,11.335656500023106,200,baseline
loan_to_aml,3,1.1740854999970907,11.222538499993107,200,baseline
loan_to_aml,4,1.1777285000391657,11.208049999993364,200,baseline
loan_to_aml,5,1.2259630000244215,11.52426600000922,200,baseline
loan_to_aml,6,1.2030225000216888,11.314615000003414,200,baseline
loan_to_aml,7,1.1755539999853681,11.304509500007498,200,baseline
loan_to_aml,8,1.2179044999811595,11.346095000021705,200,baseline
loan_to_aml,9,1.2556875000768741,11.77424349998546,200,baseline
loan_to_aml,10,1.255747000016072,11.69883199997912,200,baseline
loan_to_aml,11,1.2100689999670067,11.591589500028476,200,baseline
loan_to_aml,12,1.2063799999850744,11.414133500011303,200,baseline
loan_to_aml,13,1.2234859999580294,11.482642999965265,200,baseline
loan_to_aml,14,1.2421764999430707,11.601905500072007,200,baseline
loan_to_aml,15,1.2399614999480946,11.579666999978144,200,baseline
loan_to_aml,16,1.213128999950186,11.515631500003565,200,baseline
loan_to_aml,17,1.2194564999958857,11.560685999995712,200,baseline
loan_to_aml,18,1.2216425000133313,11.542630000008103,200,baseline
loan_to_aml,19,1.2232020000055854,11.504195999975764,200,baseline
loan_to_aml,20,1.21680899991361,11.426351499949305,200,baseline
loan_to_aml,21,1.203024500000538,11.352255999952376,200,baseline
loan_to_aml,22,1.228564000030019,11.558874499996818,200,baseline
loan_to_aml,23,1.2574964999885196,11.702998500027206,200,baseline
loan_to_aml,24,1.215319999971598,11.504425499992976,200,baseline
loan_to_aml,25,1.202175499997793,11.344046499971228,200,baseline
loan_to_aml,26,1.2027715000044736,11.443017999908989,200,baseline
loan_to_aml,27,1.2088564999999107,11.332978500036006,200,baseline
loan_to_aml,28,1.1874814999828232,11.339079000038055,200,baseline
loan_to_aml,29,1.196213000014268,11.409005000018624,200,baseline
loan_to_aml,30,1.2662305000503693,11.857183999950394,200,baseline
loan_to_approval,1,1.2159070000734573,11.45072950004078,200,baseline
loan_to_approval,2,1.2427235000131986,11.540877500067381,200,baseline
loan_to_approval,3,1.216816999999537,11.398140500034515,200,baseline
loan_to_approval,4,1.220133000003898,11.312977500040233,200,baseline
loan_to_approval,5,1.2052585000219551,11.394302499979858,200,baseline
loan_to_approval,6,1.2597935000258076,11.762910500067392,200,baseline
loan_to_approval,7,1.216661999990265,11.365480499989644,200,baseline
loan_to_approval,8,1.2036305000151515,11.343479000004209,200,baseline
loan_to_approval,9,1.200287000017397,11.399624500029404,200,baseline
loan_to_approval,10,1.1981530000753082,11.395572999902015,200,baseline
loan_to_approval,11,1.2037175000045863,11.368733500034978,200,baseline
loan_to_approval,12,1.2140714999873126,11.32509899997558,200,baseline
loan_to_approval,13,1.20561850002332,11.407093499940402,200,baseline
loan_to_approval,14,1.2032230000045274,11.336967000033837,200,baseline
loan_to_approval,15,1.2195814999813592,11.515024499942683,200,baseline
loan_to_approval,16,1.2289929999838023,11.57411549996823,200,baseline
loan_to_approval,17,1.2409820000129912,11.405401999979858,200,baseline
loan_to_approval,18,1.2194630000408324,11.48694949995388,200,baseline
loan_to_approval,19,1.248024999995323,11.78427399992188,200,baseline
loan_to_approval,20,1.2093084999378334,11.546233499984737,200,baseline
loan_to_approval,21,1.2481955000112066,11.654759000009562,200,baseline
loan_to_approval,22,1.2197010000249975,11.58577499995772,200,baseline
loan_to_approval,23,1.2000160000411597,11.343196499979058,200,baseline
loan_to_approval,24,1.193365000005997,11.366646499993749,200,baseline
loan_to_approval,25,1.2126484999726017,11.352220499986743,200,baseline
loan_to_approval,26,1.1841429999321917,11.294587999998384,200,baseline
loan_to_approval,27,1.1962114999732876,11.327278999942791,200,baseline
loan_to_approval,28,1.206901500040658,11.423104999948919,200,baseline
loan_to_approval,29,1.2175450000313504,11.392979499987632,200,baseline
loan_to_approval,30,1.2370889999715473,11.45259800000531,200,baseline
loan_to_credit,1,1.3070204999792168,11.900167500016323,200,baseline
loan_to_credit,2,1.2546540000073492,11.561706999970056,200,baseline
loan_to_credit,3,1.2397829999883925,11.408589500007338,200,baseline
loan_to_credit,4,1.221410000027845,11.431350500032522,200,baseline
loan_to_credit,5,1.2097930000152246,11.497620999989522,200,baseline
loan_to_credit,6,1.2704070000211232,11.639159500020924,200,baseline
loan_to_credit,7,1.2313249999920117,11.576115999986314,200,baseline
loan_to_credit,8,1.2088690000098268,11.464701999983617,200,baseline
loan_to_credit,9,1.2183210000102918,11.710080499995001,200,baseline
loan_to_credit,10,1.2076945000387695,11.400267499993788,200,baseline
loan_to_credit,11,1.220712999980833,11.539333000001761,200,baseline
loan_to_credit,12,1.2028465000071265,11.376535500005502,200,baseline
loan_to_credit,13,1.2091569999768126,11.50533700001688,200,baseline
loan_to_credit,14,1.1966545000063888,11.389029999975264,200,baseline
loan_to_credit,15,1.1998539999922286,11.454144000026645,200,baseline
loan_to_credit,16,1.1952444999963063,11.4003289999971,200,baseline
loan_to_credit,17,1.2287669999864193,11.533213499973272,200,baseline
loan_to_credit,18,1.2046239999961017,11.45316199998092,200,baseline
loan_to_credit,19,1.2017329999878257,11.305281000034029,200,baseline
loan_to_credit,20,1.2209080000218364,11.447216500016566,200,baseline
loan_to_credit,21,1.2148520000039298,11.479875000020456,200,baseline
loan_to_credit,22,1.2034689999893544,11.539074499978597,200,baseline
loan_to_credit,23,1.2382955000020957,11.48671049998029,200,baseline
loan_to_credit,24,1.2082030000044597,11.489162999993141,200,baseline
loan_to_credit,25,1.1605954999822643,11.379773500010515,200,baseline
loan_to_credit,26,1.2249724999833234,11.430488499968305,200,baseline
loan_to_credit,27,1.170910500007949,11.31717150002487,200,baseline
loan_to_credit,28,1.161127000017359,11.199388499989027,200,baseline
loan_to_credit,29,1.1842890000082207,11.382361000016772,200,baseline
loan_to_credit,30,1.1854390000110016,11.249246000033963,200,baseline
loan_to_customer,1,1.2147464999827662,9.787637500011215,200,baseline
loan_to_customer,2,1.1944105000054606,9.638977499974999,200,baseline
loan_to_customer,3,1.1864595000190548,9.570085500001824,200,baseline
loan_to_customer,4,1.1849990000030175,9.586391499993852,200,baseline
loan_to_customer,5,1.2116485000035482,9.694775999975036,200,baseline
loan_to_customer,6,1.2118324999903507,9.662607500018794,200,baseline
loan_to_customer,7,1.2191999999799918,9.653546999999207,200,baseline
loan_to_customer,8,1.23112599999331,9.834236499983717,200,baseline
loan_to_customer,9,1.1841669999625992,9.621011500001941,200,baseline
loan_to_customer,10,1.1306739999668025,9.230733500004362,200,baseline
loan_to_customer,11,1.1957454999844686,9.619228999980578,200,baseline
loan_to_customer,12,1.1763530000052924,9.564699000009114,200,baseline
loan_to_customer,13,1.1852805000103217,9.606046000016022,200,baseline
loan_to_customer,14,1.1669705000372232,9.531943500007856,200,baseline
loan_to_customer,15,1.2356660000136799,9.898534499967582,200,baseline
loan_to_customer,16,1.1998770000047898,9.572508499985588,200,baseline
loan_to_customer,17,1.309824499998058,10.054842499982897,200,baseline
loan_to_customer,18,1.249258499996131,9.9179515000003,200,baseline
loan_to_customer,19,1.1943885000107457,9.741244499991808,200,baseline
loan_to_customer,20,1.2496149999776662,9.74485300000083,200,baseline
loan_to_customer,21,1.2688989999958267,10.078913000000966,200,baseline
loan_to_customer,22,1.2148460000105388,9.608218000010993,200,baseline
loan_to_customer,23,1.231848499969601,9.759812499993359,200,baseline
loan_to_customer,24,1.1928670000145303,9.525552500008416,200,baseline
loan_to_customer,25,1.1815080000019407,9.528602000017372,200,baseline
loan_to_customer,26,1.1911749999740096,9.555508999966378,200,baseline
loan_to_customer,27,1.2129119999997329,9.855688000016016,200,baseline
loan_to_customer,28,1.1660314999915045,9.41087249998418,200,baseline
loan_to_customer,29,1.1734670000009828,9.378146000017296,200,baseline
loan_to_customer,30,1.1850514999878214,9.509624000003214,200,baseline
loan_to_aml,1,1.243410500023856,11.472209999993765,200,policy_only
loan_to_aml,2,1.2343060000148398,11.555544499998405,200,policy_only
loan_to_aml,3,1.2487074999967263,11.507566500000621,200,policy_only
loan_to_aml,4,1.2399604999870917,11.47819349998258,200,policy_only
loan_to_aml,5,1.2421529999926406,11.223802000017713,200,policy_only
loan_to_aml,6,1.263999499997226,11.494154499985143,200,policy_only
loan_to_aml,7,1.233318499998859,11.412338000013733,200,policy_only
loan_to_aml,8,1.2232034999897223,11.380032999994683,200,policy_only
loan_to_aml,9,1.2485860000026605,11.428708500005769,200,policy_only
loan_to_aml,10,1.2422419999893464,11.440377499980059,200,policy_only
loan_to_aml,11,1.2482325000178207,11.500061000020878,200,policy_only
loan_to_aml,12,1.236829999982092,11.410888999989766,200,policy_only
loan_to_aml,13,1.2292225000294366,11.410323000006883,200,policy_only
loan_to_aml,14,1.2546165000060228,11.437585500004843,200,policy_only
loan_to_aml,15,1.2372244999880877,11.443680500008213,200,policy_only
loan_to_aml,16,1.2176599999804694,11.354021499982991,200,policy_only
loan_to_aml,17,1.2419425000018691,11.52234450000833,200,policy_only
loan_to_aml,18,1.2410320000242336,11.498445000000856,200,policy_only
loan_to_aml,19,1.2406085000122857,11.336165000017218,200,policy_only
loan_to_aml,20,1.2290870000128962,11.40906700004507,200,policy_only
loan_to_aml,21,1.251440499970613,11.471508999960633,200,policy_only
loan_to_aml,22,1.224150000012969,11.350132500012933,200,policy_only
loan_to_aml,23,1.2295410000149332,11.445940499982044,200,policy_only
loan_to_aml,24,1.2523915000031138,11.404537999965214,200,policy_only
loan_to_aml,25,1.2251394999793774,11.321250500003543,200,policy_only
loan_to_aml,26,1.2386199999809833,11.423098499989237,200,policy_only
loan_to_aml,27,1.253730999991376,11.519453500000054,200,policy_only
loan_to_aml,28,1.2493525000252248,11.40994049998767,200,policy_only
loan_to_aml,29,1.2222099999803504,11.396182499993301,200,policy_only
loan_to_aml,30,1.2413780000031238,11.56840600000919,200,policy_only
loan_to_approval,1,1.2219704999836267,11.447498999984873,200,policy_only
loan_to_approval,2,1.2365484999747878,11.492219000018622,200,policy_only
loan_to_approval,3,1.243765499964411,11.445050000020274,200,policy_only
loan_to_approval,4,1.2504875000161064,11.536663500010036,200,policy_only
loan_to_approval,5,1.2503769999625547,11.493913500004282,200,policy_only
loan_to_approval,6,1.2550984999961656,11.6921350000041,200,policy_only
loan_to_approval,7,1.2417774999846642,11.359273500005429,200,policy_only
loan_to_approval,8,1.2295655000116312,11.386243000004015,200,policy_only
loan_to_approval,9,1.2471054999991793,11.53131800001006,200,policy_only
loan_to_approval,10,1.2011875000155214,11.408415999994759,200,policy_only
loan_to_approval,11,1.22585400001185,11.326477499977727,200,policy_only
loan_to_approval,12,1.2299635000090348,11.419909500006042,200,policy_only
loan_to_approval,13,1.2319845000092755,11.417883500001835,200,policy_only
loan_to_approval,14,1.2313795000125083,11.372761999979275,200,policy_only
loan_to_approval,15,1.2421989999893412,11.53860700000564,200,policy_only
loan_to_approval,16,1.2452004999943256,11.483093000009603,200,policy_only
loan_to_approval,17,1.2291769999990265,11.387848999987682,200,policy_only
loan_to_approval,18,1.266877999995586,11.592014000029849,200,policy_only
loan_to_approval,19,1.2605489999657493,11.437306999994235,200,policy_only
loan_to_approval,20,1.2354860000129975,11.454549000006864,200,policy_only
loan_to_approval,21,1.233746500020061,11.473436500011758,200,policy_only
loan_to_approval,22,1.2380834999987655,11.516701000005014,200,policy_only
loan_to_approval,23,1.2537265000105435,11.496722000032378,200,policy_only
loan_to_approval,24,1.2651844999709283,11.51396100001989,200,policy_only
loan_to_approval,25,1.2493085000073734,11.525600500021937,200,policy_only
loan_to_approval,26,1.2359409999760373,11.46212550000314,200,policy_only
loan_to_approval,27,1.2592655000105424,11.486096999988149,200,policy_only
loan_to_approval,28,1.264156500013769,11.5569344999642,200,policy_only
loan_to_approval,29,1.2279874999876483,11.364808500019308,200,policy_only
loan_to_approval,30,1.2399240000036116,11.45375399997306,200,policy_only
loan_to_credit,1,1.2538434999953552,11.581345000010401,200,policy_only
loan_to_credit,2,1.2365034999959335,11.711671500009402,200,policy_only
loan_to_credit,3,1.254953000014325,11.725140500004727,200,policy_only
loan_to_credit,4,1.2389920000117627,11.623879999987707,200,policy_only
loan_to_credit,5,1.2368619999989505,11.55322699997896,200,policy_only
loan_to_credit,6,1.2572395000063352,11.648702000002231,200,policy_only
loan_to_credit,7,1.260080999998081,11.596335999996654,200,policy_only
loan_to_credit,8,1.2128815000096438,11.479832499986742,200,policy_only
loan_to_credit,9,1.2495515000097157,11.74878999998441,200,policy_only
loan_to_credit,10,1.263360500004751,11.583226999988483,200,policy_only
loan_to_credit,11,1.2307870000114463,11.494325999990451,200,policy_only
loan_to_credit,12,1.249959500015052,11.528461000011703,200,policy_only
loan_to_credit,13,1.2595419999996693,11.731638500009467,200,policy_only
loan_to_credit,14,1.2546324999931358,11.450152499989485,200,policy_only
loan_to_credit,15,1.2598269999841705,11.620416999988947,200,policy_only
loan_to_credit,16,1.2611195000005182,11.642840999996906,200,policy_only
loan_to_credit,17,1.2447649999955956,11.592774000007466,200,policy_only
loan_to_credit,18,1.241671500011421,11.413604500006613,200,policy_only
loan_to_credit,19,1.2288175000065849,11.547825999997485,200,policy_only
loan_to_credit,20,1.1925059999953191,11.369995500004393,200,policy_only
loan_to_credit,21,1.2285964999989574,11.52104199999826,200,policy_only
loan_to_credit,22,1.2670090000028722,11.571860500026787,200,policy_only
loan_to_credit,23,1.2312930000177857,11.644621000016286,200,policy_only
loan_to_credit,24,1.2315245000138475,11.509045499991544,200,policy_only
loan_to_credit,25,1.2426190000098813,11.587378000001536,200,policy_only
loan_to_credit,26,1.2361654999892835,11.446995000028437,200,policy_only
loan_to_credit,27,1.2737059999778921,11.525667499995507,200,policy_only
loan_to_credit,28,1.2529840000183867,11.575963500007447,200,policy_only
loan_to_credit,29,1.2279609999836794,11.40153249997411,200,policy_only
loan_to_credit,30,1.2481970000237652,11.57893849998004,200,policy_only
loan_to_customer,1,1.2306790000025103,9.461383000008539,200,policy_only
loan_to_customer,2,1.2308060000023602,9.637702000006243,200,policy_only
loan_to_customer,3,1.2197685000003844,9.49358150000279,200,policy_only
loan_to_customer,4,1.2452940000002855,9.644842000007259,200,policy_only
loan_to_customer,5,1.203291500004866,9.548031000001345,200,policy_only
loan_to_customer,6,1.2406404999936171,9.776417499999468,200,policy_only
loan_to_customer,7,1.2449865000050409,9.752196000000879,200,policy_only
loan_to_customer,8,1.2435375000023896,9.797206499996491,200,policy_only
loan_to_customer,9,1.260492000000113,9.864219500002491,200,policy_only
loan_to_customer,10,1.2403574999950706,9.685837000006359,200,policy_only
loan_to_customer,11,1.2148180000011166,9.593658999996535,200,policy_only
loan_to_customer,12,1.2209140000010166,9.583799500006762,200,policy_only
loan_to_customer,13,1.2539709999970228,9.717793500001903,200,policy_only
loan_to_customer,14,1.2355454999948279,9.724645500000406,200,policy_only
loan_to_customer,15,1.2073660000027076,9.599025999989408,200,policy_only
loan_to_customer,16,1.2517920000050253,9.735901500008026,200,policy_only
loan_to_customer,17,1.2166660000048068,9.571731999997724,200,policy_only
loan_to_customer,18,1.2131585000076939,9.558398000010015,200,policy_only
loan_to_customer,19,1.2397219999940035,9.659122499996897,200,policy_only
loan_to_customer,20,1.2466924999898765,9.731103999996549,200,policy_only
loan_to_customer,21,1.2364894999876697,9.702820999990536,200,policy_only
loan_to_customer,22,1.213417000002437,9.529482500013842,200,policy_only
loan_to_customer,23,1.2149390000075755,9.763988999992534,200,policy_only
loan_to_customer,24,1.2474859999969112,9.635064000008242,200,policy_only
loan_to_customer,25,1.2376014999944118,9.773426999998946,200,policy_only
loan_to_customer,26,1.2275364999965177,9.653292999999508,200,policy_only
loan_to_customer,27,1.2689534999879015,9.671316500003968,200,policy_only
loan_to_customer,28,1.2214070000027277,9.491596999993135,200,policy_only
loan_to_customer,29,1.2110469999981888,9.532606500002316,200,policy_only
loan_to_customer,30,1.2363500000134309,9.58493749999434,200,policy_only
loan_to_aml,1,1.322364499969808,11.997715999996217,200,segmentation_only
loan_to_aml,2,1.3073855000129697,11.979413499830116,200,segmentation_only
loan_to_aml,3,1.28608150009768,11.89267699987795,200,segmentation_only
loan_to_aml,4,1.252169000053982,11.738473500031432,200,segmentation_only
loan_to_aml,5,1.2515399999983856,11.52463199991871,200,segmentation_only
loan_to_aml,6,1.2550349999855825,11.735112999986086,200,segmentation_only
loan_to_aml,7,1.249573999984932,11.669451000102526,200,segmentation_only
loan_to_aml,8,1.2589599999728307,11.818659500022477,200,segmentation_only
loan_to_aml,9,1.2742974998900536,11.653949499986993,200,segmentation_only
loan_to_aml,10,1.2612120000312643,11.718994500029112,200,segmentation_only
loan_to_aml,11,1.2469299999793293,11.63039799996568,200,segmentation_only
loan_to_aml,12,1.2693144999502692,11.754659500070375,200,segmentation_only
loan_to_aml,13,1.3094130000581572,12.105765499882182,200,segmentation_only
loan_to_aml,14,1.2724399999797242,11.814206500162072,200,segmentation_only
loan_to_aml,15,1.2785949999170043,11.899503500103492,200,segmentation_only
loan_to_aml,16,1.2599299999465075,11.701838499902806,200,segmentation_only
loan_to_aml,17,1.2756344998479108,11.763595000047644,200,segmentation_only
loan_to_aml,18,1.2480789999926856,11.816101499903198,200,segmentation_only
loan_to_aml,19,1.2712435000139521,11.876863500106083,200,segmentation_only
loan_to_aml,20,1.2584844999992129,11.701058499966166,200,segmentation_only
loan_to_aml,21,1.2580420000176673,11.797142499858637,200,segmentation_only
loan_to_aml,22,1.2506714999744872,11.834981999868432,200,segmentation_only
loan_to_aml,23,1.2562939999725131,11.682467999889923,200,segmentation_only
loan_to_aml,24,1.2608935001026111,11.698299000045154,200,segmentation_only
loan_to_aml,25,1.2482504999979938,11.62083550002535,200,segmentation_only
loan_to_aml,26,1.2592499999755091,11.690810000004603,200,segmentation_only
loan_to_aml,27,1.276789000030476,11.919953500068914,200,segmentation_only
loan_to_aml,28,1.2633929999310567,11.777257000062491,200,segmentation_only
loan_to_aml,29,1.2821589999703065,11.903326999913588,200,segmentation_only
loan_to_aml,30,1.2455600000293998,11.60499650006841,200,segmentation_only
loan_to_approval,1,1.2520194999297019,11.739799499991932,200,segmentation_only
loan_to_approval,2,1.2777250000226559,11.790061000056085,200,segmentation_only
loan_to_approval,3,1.2579039999991437,11.709185000086109,200,segmentation_only
loan_to_approval,4,1.256343500017465,11.759718500002236,200,segmentation_only
loan_to_approval,5,1.2919205000798684,11.914925499922902,200,segmentation_only
loan_to_approval,6,1.256145000070319,11.683817999937673,200,segmentation_only
loan_to_approval,7,1.3527745001056246,12.007713000002695,200,segmentation_only
loan_to_approval,8,1.2821660001236523,11.777935500049352,200,segmentation_only
loan_to_approval,9,1.2145190000865114,11.368114000106289,200,segmentation_only
loan_to_approval,10,1.2234739999712474,11.344765000103507,200,segmentation_only
loan_to_approval,11,1.2385935000338577,11.488332999988415,200,segmentation_only
loan_to_approval,12,1.226394999889635,11.448698499862076,200,segmentation_only
loan_to_approval,13,1.237228000036339,11.367575999997825,200,segmentation_only
loan_to_approval,14,1.2356150000414345,11.417639000001145,200,segmentation_only
loan_to_approval,15,1.220753499978855,11.514491000070848,200,segmentation_only
loan_to_approval,16,1.2183719999256937,11.377151499914362,200,segmentation_only
loan_to_approval,17,1.2249275000613125,11.44705349997821,200,segmentation_only
loan_to_approval,18,1.2285945000485299,11.421263499869383,200,segmentation_only
loan_to_approval,19,1.2153030000945364,11.470238499896368,200,segmentation_only
loan_to_approval,20,1.2304399999720772,11.442328500038457,200,segmentation_only
loan_to_approval,21,1.2208659999259908,11.462263999874267,200,segmentation_only
loan_to_approval,22,1.2309879999747864,11.488658000075702,200,segmentation_only
loan_to_approval,23,1.2265909999769065,11.392095500013966,200,segmentation_only
loan_to_approval,24,1.2318199999299395,11.46081349997985,200,segmentation_only
loan_to_approval,25,1.21634599997833,11.409703500021351,200,segmentation_only
loan_to_approval,26,1.2182794998807367,11.470209499861994,200,segmentation_only
loan_to_approval,27,1.1938920000602593,11.352220500043586,200,segmentation_only
loan_to_approval,28,1.1994915000741457,11.28875350002545,200,segmentation_only
loan_to_approval,29,1.21813500004464,11.378849500033539,200,segmentation_only
loan_to_approval,30,1.2036174998684146,11.284499999874242,200,segmentation_only
loan_to_credit,1,1.2072349999812104,11.548076999929435,200,segmentation_only
loan_to_credit,2,1.2850470000103087,11.86669650002159,200,segmentation_only
loan_to_credit,3,1.2013110000452798,11.661933000027602,200,segmentation_only
loan_to_credit,4,1.0462734999805434,11.461292499973297,200,segmentation_only
loan_to_credit,5,1.0598314999583636,11.682247000010193,200,segmentation_only
loan_to_credit,6,1.2764064999828406,11.77918100000852,200,segmentation_only
loan_to_credit,7,1.2995540000133587,11.787254499949995,200,segmentation_only
loan_to_credit,8,1.2625434999904428,11.739508500056672,200,segmentation_only
loan_to_credit,9,1.231342500034316,11.771394500044607,200,segmentation_only
loan_to_credit,10,1.0488594999742418,11.533815500001765,200,segmentation_only
loan_to_credit,11,1.044539000019995,11.493029999996907,200,segmentation_only
loan_to_credit,12,1.2268000000403845,11.841924000066228,200,segmentation_only
loan_to_credit,13,1.249669999992875,11.629149500038238,200,segmentation_only
loan_to_credit,14,1.2775705000080961,11.73448199995164,200,segmentation_only
loan_to_credit,15,1.2238864999858379,11.624143000005915,200,segmentation_only
loan_to_credit,16,1.212542999951438,11.611496499995155,200,segmentation_only
loan_to_credit,17,1.2756914999840774,11.797462499998801,200,segmentation_only
loan_to_credit,18,1.2596715000086078,11.69725950001066,200,segmentation_only
loan_to_credit,19,1.1503249999691434,11.60470199994279,200,segmentation_only
loan_to_credit,20,1.258324499929131,11.669842000003428,200,segmentation_only
loan_to_credit,21,1.268274499977906,11.676867500000299,200,segmentation_only
loan_to_credit,22,1.2255100000402308,11.70375399999557,200,segmentation_only
loan_to_credit,23,1.2555615000451326,11.686038999982884,200,segmentation_only
loan_to_credit,24,1.269493999984661,11.739654999928462,200,segmentation_only
loan_to_credit,25,1.2677994999990005,11.682483500010221,200,segmentation_only
loan_to_credit,26,1.211557999965862,11.593561499978478,200,segmentation_only
loan_to_credit,27,1.0228630000028716,11.323352000033537,200,segmentation_only
loan_to_credit,28,1.2426464999748532,11.680564000016602,200,segmentation_only
loan_to_credit,29,1.2703689999966628,11.761389499952202,200,segmentation_only
loan_to_credit,30,1.076005500010524,11.598295999988295,200,segmentation_only
loan_to_customer,1,1.242896999997356,10.009719500033043,200,segmentation_only
loan_to_customer,2,1.2568249999844738,10.032805500031827,200,segmentation_only
loan_to_customer,3,1.251486000001023,9.982783500049663,200,segmentation_only
loan_to_customer,4,1.2319249999563908,9.870820999992702,200,segmentation_only
loan_to_customer,5,1.261275499985004,10.034514499977831,200,segmentation_only
loan_to_customer,6,1.2329664999697343,10.01067800001465,200,segmentation_only
loan_to_customer,7,1.2386559999981728,10.007568999981231,200,segmentation_only
loan_to_customer,8,1.2405929999772525,9.890430499979175,200,segmentation_only
loan_to_customer,9,1.2466719999792986,10.017339500052458,200,segmentation_only
loan_to_customer,10,1.2434325000185709,10.00587449999557,200,segmentation_only
loan_to_customer,11,1.2522634999641014,10.034015499968518,200,segmentation_only
loan_to_customer,12,1.2267385000086506,10.097886999972161,200,segmentation_only
loan_to_customer,13,1.268077500014897,10.135192499944878,200,segmentation_only
loan_to_customer,14,1.2622550000287447,10.043845000041074,200,segmentation_only
loan_to_customer,15,1.2512495000009949,10.059174999980769,200,segmentation_only
loan_to_customer,16,1.2318295000000035,10.022796500038567,200,segmentation_only
loan_to_customer,17,1.2522544999455931,10.118922500055305,200,segmentation_only
loan_to_customer,18,1.2570835000360603,10.154423999949813,200,segmentation_only
loan_to_customer,19,1.2297095000235458,10.070034499960911,200,segmentation_only
loan_to_customer,20,1.26362049996942,10.044667999920875,200,segmentation_only
loan_to_customer,21,1.2422925000237228,10.030661999962831,200,segmentation_only
loan_to_customer,22,1.246347500000411,10.077786500005459,200,segmentation_only
loan_to_customer,23,1.2261075000310484,10.117277000006197,200,segmentation_only
loan_to_customer,24,1.250743000014154,10.01438949998601,200,segmentation_only
loan_to_customer,25,1.2595465000231343,10.11263200001622,200,segmentation_only
loan_to_customer,26,1.2520459999905142,9.912867000025471,200,segmentation_only
loan_to_customer,27,1.2526739999429992,9.97220199997173,200,segmentation_only
loan_to_customer,28,1.2475194999979067,10.013970000045447,200,segmentation_only
loan_to_customer,29,1.2351760000797185,9.891935500036197,200,segmentation_only
loan_to_customer,30,1.2356590000308643,10.008502999994562,200,segmentation_only
loan_to_aml,1,1.2965235000592656,11.71760000033828,200,proposed
loan_to_aml,2,1.3398504997894634,11.84169450061745,200,proposed
loan_to_aml,3,1.2901129994133953,11.775833499996224,200,proposed
loan_to_aml,4,1.3069985006950446,12.024874499729776,200,proposed
loan_to_aml,5,1.3132915000824141,12.005737500658142,200,proposed
loan_to_aml,6,1.3160694998077815,11.991238499831525,200,proposed
loan_to_aml,7,1.3434434995360789,11.92768700002489,200,proposed
loan_to_aml,8,1.324241499787604,11.91074899998057,200,proposed
loan_to_aml,9,1.2515350008470705,11.411794499508687,200,proposed
loan_to_aml,10,1.2945725002282416,11.700157499944908,200,proposed
loan_to_aml,11,1.377878999846871,12.092240998754278,200,proposed
loan_to_aml,12,1.3271970001369482,11.809083499429107,200,proposed
loan_to_aml,13,1.3487699989127577,11.965340499955346,200,proposed
loan_to_aml,14,1.3197859998399508,11.967526500484382,200,proposed
loan_to_aml,15,1.317420999839669,11.827776500467735,200,proposed
loan_to_aml,16,1.264492500013148,11.518647999764653,200,proposed
loan_to_aml,17,1.2594669997270103,11.471823999272601,200,proposed
loan_to_aml,18,1.2346129997240496,11.457009000878315,200,proposed
loan_to_aml,19,1.258744499864406,11.472365999907197,200,proposed
loan_to_aml,20,1.2473175002014614,11.457720999715093,200,proposed
loan_to_aml,21,1.290916500693129,11.672779999571503,200,proposed
loan_to_aml,22,1.307636500314402,11.74707749942172,200,proposed
loan_to_aml,23,1.3145209995855112,12.085007499990752,200,proposed
loan_to_aml,24,1.2696325002252706,11.736457499864628,200,proposed
loan_to_aml,25,1.4368649999596528,12.544202499157109,200,proposed
loan_to_aml,26,1.335423999989871,11.847282499729772,200,proposed
loan_to_aml,27,1.2999994987694663,11.704005499268533,200,proposed
loan_to_aml,28,1.2799744999938412,11.48349400045845,200,proposed
loan_to_aml,29,1.2997564999750466,11.979677499766694,200,proposed
loan_to_aml,30,1.3591990000350052,12.041704500006745,200,proposed
loan_to_approval,1,1.3403084994934034,12.120274000153586,200,proposed
loan_to_approval,2,1.3080085000183317,11.999227500382403,200,proposed
loan_to_approval,3,1.2945829994350788,11.855489000481612,200,proposed
loan_to_approval,4,1.2886555005025002,11.876264499733225,200,proposed
loan_to_approval,5,1.3073539994366001,11.986441499175271,200,proposed
loan_to_approval,6,1.3230205004219897,12.063800499163335,200,proposed
loan_to_approval,7,1.3095550002617529,11.929431500902865,200,proposed
loan_to_approval,8,1.2472394992073532,11.562136000065948,200,proposed
loan_to_approval,9,1.2759749988617841,11.94921350088407,200,proposed
loan_to_approval,10,1.3046605008639744,11.97662649974518,200,proposed
loan_to_approval,11,1.3022795010328991,11.993895499472274,200,proposed
loan_to_approval,12,1.3364284995986964,12.114687500798027,200,proposed
loan_to_approval,13,1.273297500119952,11.840304000543256,200,proposed
loan_to_approval,14,1.3447355004245765,12.231722000251466,200,proposed
loan_to_approval,15,1.3190760000725277,11.91548699989653,200,proposed
loan_to_approval,16,1.30109149904456,11.916907999875548,200,proposed
loan_to_approval,17,1.2820550000469666,11.928954500035616,200,proposed
loan_to_approval,18,1.2993564996577334,11.992446999101958,200,proposed
loan_to_approval,19,1.262807501007046,11.684602500281471,200,proposed
loan_to_approval,20,1.2976115003766608,11.990275499556446,200,proposed
loan_to_approval,21,1.3154385005691438,12.14796850035782,200,proposed
loan_to_approval,22,1.3111900007061195,12.12433399996371,200,proposed
loan_to_approval,23,1.3005475002501043,11.906460999853152,200,proposed
loan_to_approval,24,1.3174794994483818,11.916259000827267,200,proposed
loan_to_approval,25,1.2680765003096894,11.565443499421235,200,proposed
loan_to_approval,26,1.2542619997475413,11.731028500435059,200,proposed
loan_to_approval,27,1.2890549996882328,11.697184500008007,200,proposed
loan_to_approval,28,1.2838740003644489,11.881131500558695,200,proposed
loan_to_approval,29,1.307810499383777,11.961301999690477,200,proposed
loan_to_approval,30,1.3244375004433095,11.95067300068331,200,proposed
loan_to_credit,1,1.2933450007039937,11.667377998492157,200,proposed
loan_to_credit,2,1.2952884990227176,11.607397000261699,200,proposed
loan_to_credit,3,1.2782764997609775,11.52034749975428,200,proposed
loan_to_credit,4,1.2765569990733638,11.61600500017812,200,proposed
loan_to_credit,5,1.2880590002168901,11.544603999936953,200,proposed
loan_to_credit,6,1.266246000341198,11.504201501338684,200,proposed
loan_to_credit,7,1.2970445004611975,11.824098499346292,200,proposed
loan_to_credit,8,1.296144000662025,11.804222999671765,200,proposed
loan_to_credit,9,1.276365500416432,11.425682000663073,200,proposed
loan_to_credit,10,1.2571670004035695,11.537840499840968,200,proposed
loan_to_credit,11,1.3029664996793144,11.929498499739566,200,proposed
loan_to_credit,12,1.2957690005350742,11.708878999343142,200,proposed
loan_to_credit,13,1.2581250002767774,11.502383499646385,200,proposed
loan_to_credit,14,1.3197099997341866,11.785247999796411,200,proposed
loan_to_credit,15,1.263458999346767,11.705335499755165,200,proposed
loan_to_credit,16,1.3060050005151425,11.853080000037153,200,proposed
loan_to_credit,17,1.3656594992426108,12.154189499597123,200,proposed
loan_to_credit,18,1.3434215006782324,11.956027499763877,200,proposed
loan_to_credit,19,1.2879565001640003,11.696268999912718,200,proposed
loan_to_credit,20,1.3110630006849533,11.766552499466343,200,proposed
loan_to_credit,21,1.2696315006905934,11.356432500178926,200,proposed
loan_to_credit,22,1.2948899993716623,11.713565000718518,200,proposed
loan_to_credit,23,1.2802914998246706,11.982216999967932,200,proposed
loan_to_credit,24,1.2829485003749141,11.641561000033107,200,proposed
loan_to_credit,25,1.2705594999715686,11.655321499347338,200,proposed
loan_to_credit,26,1.2879155001428444,11.664894000205095,200,proposed
loan_to_credit,27,1.2976765001440072,11.785623500145448,200,proposed
loan_to_credit,28,1.2966454996785615,11.756939999031601,200,proposed
loan_to_credit,29,1.3716755001951242,12.204807999296463,200,proposed
loan_to_credit,30,1.287877999857301,11.672994499349443,200,proposed
loan_to_customer,1,1.297505499678664,9.969134999664675,200,proposed
loan_to_customer,2,1.229141499607067,9.923021500071627,200,proposed
loan_to_customer,3,1.2215240003570216,9.74110499919334,200,proposed
loan_to_customer,4,1.2275094995857216,9.678401498604217,200,proposed
loan_to_customer,5,1.2649869995584595,9.68953500068892,200,proposed
loan_to_customer,6,1.2667800001509022,9.980782499951601,200,proposed
loan_to_customer,7,1.2561535004351754,9.869029000583396,200,proposed
loan_to_customer,8,1.256772499800718,9.890841998640099,200,proposed
loan_to_customer,9,1.2720394997813855,9.945248999429168,200,proposed
loan_to_customer,10,1.2732659997709561,9.87663399973826,200,proposed
loan_to_customer,11,1.2556524998217355,9.901162999994995,200,proposed
loan_to_customer,12,1.298674999816285,10.060524498840095,200,proposed
loan_to_customer,13,1.3400505004028673,10.303177499736194,200,proposed
loan_to_customer,14,1.291237499572162,9.990279499106691,200,proposed
loan_to_customer,15,1.2871740000264253,9.866626999610162,200,proposed
loan_to_customer,16,1.3256670008559013,10.27131600130815,200,proposed
loan_to_customer,17,1.2470665005821502,9.830019999753858,200,proposed
loan_to_customer,18,1.3170870006433688,10.086973999932525,200,proposed
loan_to_customer,19,1.2913275004393654,9.956706499906431,200,proposed
loan_to_customer,20,1.2746379998134216,9.946029000275303,200,proposed
loan_to_customer,21,1.3316730000951793,10.157207499105425,200,proposed
loan_to_customer,22,1.2764145003529848,9.999960499953886,200,proposed
loan_to_customer,23,1.2826405009036534,9.84858349966089,200,proposed
loan_to_customer,24,1.326169999629201,10.01284999983909,200,proposed
loan_to_customer,25,1.349214499896334,10.273546999997052,200,proposed
loan_to_customer,26,1.2934745000166004,10.00258849853708,200,proposed
loan_to_customer,27,1.2480469995352905,9.785561000171583,200,proposed
loan_to_customer,28,1.3429265000013402,10.239519000606379,200,proposed
loan_to_customer,29,1.2904405002700514,9.911385999657796,200,proposed
loan_to_customer,30,1.287985500312061,10.004217499954393,200,proposed
