scenario_id,destination,data_grade,approved,purpose,role,device_trust,source_object_id,content_json,expected_broad_policy,expected_finegrained_policy,mode,experiment_run_id,run_id,attempt_id,status_code,actual,expected,matches_expected,latency_ms,error
C01,public,O,true,public_disclosure,publisher,trusted,OBJ-O-001,"{""statistic"": ""aggregate delinquency rate"", ""value"": 3.2}",allow,allow,segmentation_only,segmentation_only-20260814T155332Z,1,C01-r001,200,allow,allow,true,12.735200,
C01,public,O,true,public_disclosure,publisher,trusted,OBJ-O-001,"{""statistic"": ""aggregate delinquency rate"", ""value"": 3.2}",allow,allow,segmentation_only,segmentation_only-20260814T155332Z,2,C01-r002,200,allow,allow,true,7.272100,
C01,public,O,true,public_disclosure,publisher,trusted,OBJ-O-001,"{""statistic"": ""aggregate delinquency rate"", ""value"": 3.2}",allow,allow,segmentation_only,segmentation_only-20260814T155332Z,3,C01-r003,200,allow,allow,true,8.043800,
C01,public,O,true,public_disclosure,publisher,trusted,OBJ-O-001,"{""statistic"": ""aggregate delinquency rate"", ""value"": 3.2}",allow,allow,segmentation_only,segmentation_only-20260814T155332Z,4,C01-r004,200,allow,allow,true,7.126600,
C01,public,O,true,public_disclosure,publisher,trusted,OBJ-O-001,"{""statistic"": ""aggregate delinquency rate"", ""value"": 3.2}",allow,allow,segmentation_only,segmentation_only-20260814T155332Z,5,C01-r005,200,allow,allow,true,7.062300,
C01,public,O,true,public_disclosure,publisher,trusted,OBJ-O-001,"{""statistic"": ""aggregate delinquency rate"", ""value"": 3.2}",allow,allow,segmentation_only,segmentation_only-20260814T155332Z,6,C01-r006,200,allow,allow,true,10.228400,
C01,public,O,true,public_disclosure,publisher,trusted,OBJ-O-001,"{""statistic"": ""aggregate delinquency rate"", ""value"": 3.2}",allow,allow,segmentation_only,segmentation_only-20260814T155332Z,7,C01-r007,200,allow,allow,true,8.032700,
C01,public,O,true,public_disclosure,publisher,trusted,OBJ-O-001,"{""statistic"": ""aggregate delinquency rate"", ""value"": 3.2}",allow,allow,segmentation_only,segmentation_only-20260814T155332Z,8,C01-r008,200,allow,allow,true,8.703800,
C01,public,O,true,public_disclosure,publisher,trusted,OBJ-O-001,"{""statistic"": ""aggregate delinquency rate"", ""value"": 3.2}",allow,allow,segmentation_only,segmentation_only-20260814T155332Z,9,C01-r009,200,allow,allow,true,6.856800,
C01,public,O,true,public_disclosure,publisher,trusted,OBJ-O-001,"{""statistic"": ""aggregate delinquency rate"", ""value"": 3.2}",allow,allow,segmentation_only,segmentation_only-20260814T155332Z,10,C01-r010,200,allow,allow,true,6.452200,
C01,public,O,true,public_disclosure,publisher,trusted,OBJ-O-001,"{""statistic"": ""aggregate delinquency rate"", ""value"": 3.2}",allow,allow,segmentation_only,segmentation_only-20260814T155332Z,11,C01-r011,200,allow,allow,true,6.301700,
C01,public,O,true,public_disclosure,publisher,trusted,OBJ-O-001,"{""statistic"": ""aggregate delinquency rate"", ""value"": 3.2}",allow,allow,segmentation_only,segmentation_only-20260814T155332Z,12,C01-r012,200,allow,allow,true,7.879500,
C01,public,O,true,public_disclosure,publisher,trusted,OBJ-O-001,"{""statistic"": ""aggregate delinquency rate"", ""value"": 3.2}",allow,allow,segmentation_only,segmentation_only-20260814T155332Z,13,C01-r013,200,allow,allow,true,6.622500,
C01,public,O,true,public_disclosure,publisher,trusted,OBJ-O-001,"{""statistic"": ""aggregate delinquency rate"", ""value"": 3.2}",allow,allow,segmentation_only,segmentation_only-20260814T155332Z,14,C01-r014,200,allow,allow,true,7.560600,
C01,public,O,true,public_disclosure,publisher,trusted,OBJ-O-001,"{""statistic"": ""aggregate delinquency rate"", ""value"": 3.2}",allow,allow,segmentation_only,segmentation_only-20260814T155332Z,15,C01-r015,200,allow,allow,true,7.160000,
C01,public,O,true,public_disclosure,publisher,trusted,OBJ-O-001,"{""statistic"": ""aggregate delinquency rate"", ""value"": 3.2}",allow,allow,segmentation_only,segmentation_only-20260814T155332Z,16,C01-r016,200,allow,allow,true,6.548900,
C01,public,O,true,public_disclosure,publisher,trusted,OBJ-O-001,"{""statistic"": ""aggregate delinquency rate"", ""value"": 3.2}",allow,allow,segmentation_only,segmentation_only-20260814T155332Z,17,C01-r017,200,allow,allow,true,6.649200,
C01,public,O,true,public_disclosure,publisher,trusted,OBJ-O-001,"{""statistic"": ""aggregate delinquency rate"", ""value"": 3.2}",allow,allow,segmentation_only,segmentation_only-20260814T155332Z,18,C01-r018,200,allow,allow,true,6.860800,
C01,public,O,true,public_disclosure,publisher,trusted,OBJ-O-001,"{""statistic"": ""aggregate delinquency rate"", ""value"": 3.2}",allow,allow,segmentation_only,segmentation_only-20260814T155332Z,19,C01-r019,200,allow,allow,true,6.862800,
C01,public,O,true,public_disclosure,publisher,trusted,OBJ-O-001,"{""statistic"": ""aggregate delinquency rate"", ""value"": 3.2}",allow,allow,segmentation_only,segmentation_only-20260814T155332Z,20,C01-r020,200,allow,allow,true,7.457600,
C01,public,O,true,public_disclosure,publisher,trusted,OBJ-O-001,"{""statistic"": ""aggregate delinquency rate"", ""value"": 3.2}",allow,allow,segmentation_only,segmentation_only-20260814T155332Z,21,C01-r021,200,allow,allow,true,6.839600,
C01,public,O,true,public_disclosure,publisher,trusted,OBJ-O-001,"{""statistic"": ""aggregate delinquency rate"", ""value"": 3.2}",allow,allow,segmentation_only,segmentation_only-20260814T155332Z,22,C01-r022,200,allow,allow,true,6.834200,
C01,public,O,true,public_disclosure,publisher,trusted,OBJ-O-001,"{""statistic"": ""aggregate delinquency rate"", ""value"": 3.2}",allow,allow,segmentation_only,segmentation_only-20260814T155332Z,23,C01-r023,200,allow,allow,true,5.993400,
C01,public,O,true,public_disclosure,publisher,trusted,OBJ-O-001,"{""statistic"": ""aggregate delinquency rate"", ""value"": 3.2}",allow,allow,segmentation_only,segmentation_only-20260814T155332Z,24,C01-r024,200,allow,allow,true,6.299200,
C01,public,O,true,public_disclosure,publisher,trusted,OBJ-O-001,"{""statistic"": ""aggregate delinquency rate"", ""value"": 3.2}",allow,allow,segmentation_only,segmentation_only-20260814T155332Z,25,C01-r025,200,allow,allow,true,8.733600,
C01,public,O,true,public_disclosure,publisher,trusted,OBJ-O-001,"{""statistic"": ""aggregate delinquency rate"", ""value"": 3.2}",allow,allow,segmentation_only,segmentation_only-20260814T155332Z,26,C01-r026,200,allow,allow,true,7.432500,
C01,public,O,true,public_disclosure,publisher,trusted,OBJ-O-001,"{""statistic"": ""aggregate delinquency rate"", ""value"": 3.2}",allow,allow,segmentation_only,segmentation_only-20260814T155332Z,27,C01-r027,200,allow,allow,true,8.830100,
C01,public,O,true,public_disclosure,publisher,trusted,OBJ-O-001,"{""statistic"": ""aggregate delinquency rate"", ""value"": 3.2}",allow,allow,segmentation_only,segmentation_only-20260814T155332Z,28,C01-r028,200,allow,allow,true,6.181500,
C01,public,O,true,public_disclosure,publisher,trusted,OBJ-O-001,"{""statistic"": ""aggregate delinquency rate"", ""value"": 3.2}",allow,allow,segmentation_only,segmentation_only-20260814T155332Z,29,C01-r029,200,allow,allow,true,5.642300,
C01,public,O,true,public_disclosure,publisher,trusted,OBJ-O-001,"{""statistic"": ""aggregate delinquency rate"", ""value"": 3.2}",allow,allow,segmentation_only,segmentation_only-20260814T155332Z,30,C01-r030,200,allow,allow,true,8.154400,
C02,external_ai,O,true,approved_ai_use,ai_user,trusted,OBJ-O-002,"{""task"": ""summarize approved public report""}",allow,allow,segmentation_only,segmentation_only-20260814T155332Z,1,C02-r001,200,allow,allow,true,5.965300,
C02,external_ai,O,true,approved_ai_use,ai_user,trusted,OBJ-O-002,"{""task"": ""summarize approved public report""}",allow,allow,segmentation_only,segmentation_only-20260814T155332Z,2,C02-r002,200,allow,allow,true,7.943500,
C02,external_ai,O,true,approved_ai_use,ai_user,trusted,OBJ-O-002,"{""task"": ""summarize approved public report""}",allow,allow,segmentation_only,segmentation_only-20260814T155332Z,3,C02-r003,200,allow,allow,true,6.124000,
C02,external_ai,O,true,approved_ai_use,ai_user,trusted,OBJ-O-002,"{""task"": ""summarize approved public report""}",allow,allow,segmentation_only,segmentation_only-20260814T155332Z,4,C02-r004,200,allow,allow,true,7.731600,
C02,external_ai,O,true,approved_ai_use,ai_user,trusted,OBJ-O-002,"{""task"": ""summarize approved public report""}",allow,allow,segmentation_only,segmentation_only-20260814T155332Z,5,C02-r005,200,allow,allow,true,6.101400,
C02,external_ai,O,true,approved_ai_use,ai_user,trusted,OBJ-O-002,"{""task"": ""summarize approved public report""}",allow,allow,segmentation_only,segmentation_only-20260814T155332Z,6,C02-r006,200,allow,allow,true,6.376600,
C02,external_ai,O,true,approved_ai_use,ai_user,trusted,OBJ-O-002,"{""task"": ""summarize approved public report""}",allow,allow,segmentation_only,segmentation_only-20260814T155332Z,7,C02-r007,200,allow,allow,true,6.316700,
C02,external_ai,O,true,approved_ai_use,ai_user,trusted,OBJ-O-002,"{""task"": ""summarize approved public report""}",allow,allow,segmentation_only,segmentation_only-20260814T155332Z,8,C02-r008,200,allow,allow,true,8.076900,
C02,external_ai,O,true,approved_ai_use,ai_user,trusted,OBJ-O-002,"{""task"": ""summarize approved public report""}",allow,allow,segmentation_only,segmentation_only-20260814T155332Z,9,C02-r009,200,allow,allow,true,7.222300,
C02,external_ai,O,true,approved_ai_use,ai_user,trusted,OBJ-O-002,"{""task"": ""summarize approved public report""}",allow,allow,segmentation_only,segmentation_only-20260814T155332Z,10,C02-r010,200,allow,allow,true,6.487300,
C02,external_ai,O,true,approved_ai_use,ai_user,trusted,OBJ-O-002,"{""task"": ""summarize approved public report""}",allow,allow,segmentation_only,segmentation_only-20260814T155332Z,11,C02-r011,200,allow,allow,true,8.720600,
C02,external_ai,O,true,approved_ai_use,ai_user,trusted,OBJ-O-002,"{""task"": ""summarize approved public report""}",allow,allow,segmentation_only,segmentation_only-20260814T155332Z,12,C02-r012,200,allow,allow,true,8.368000,
C02,external_ai,O,true,approved_ai_use,ai_user,trusted,OBJ-O-002,"{""task"": ""summarize approved public report""}",allow,allow,segmentation_only,segmentation_only-20260814T155332Z,13,C02-r013,200,allow,allow,true,5.587300,
C02,external_ai,O,true,approved_ai_use,ai_user,trusted,OBJ-O-002,"{""task"": ""summarize approved public report""}",allow,allow,segmentation_only,segmentation_only-20260814T155332Z,14,C02-r014,200,allow,allow,true,7.294100,
C02,external_ai,O,true,approved_ai_use,ai_user,trusted,OBJ-O-002,"{""task"": ""summarize approved public report""}",allow,allow,segmentation_only,segmentation_only-20260814T155332Z,15,C02-r015,200,allow,allow,true,8.013600,
C02,external_ai,O,true,approved_ai_use,ai_user,trusted,OBJ-O-002,"{""task"": ""summarize approved public report""}",allow,allow,segmentation_only,segmentation_only-20260814T155332Z,16,C02-r016,200,allow,allow,true,7.546700,
C02,external_ai,O,true,approved_ai_use,ai_user,trusted,OBJ-O-002,"{""task"": ""summarize approved public report""}",allow,allow,segmentation_only,segmentation_only-20260814T155332Z,17,C02-r017,200,allow,allow,true,6.408800,
C02,external_ai,O,true,approved_ai_use,ai_user,trusted,OBJ-O-002,"{""task"": ""summarize approved public report""}",allow,allow,segmentation_only,segmentation_only-20260814T155332Z,18,C02-r018,200,allow,allow,true,6.141400,
C02,external_ai,O,true,approved_ai_use,ai_user,trusted,OBJ-O-002,"{""task"": ""summarize approved public report""}",allow,allow,segmentation_only,segmentation_only-20260814T155332Z,19,C02-r019,200,allow,allow,true,7.638600,
C02,external_ai,O,true,approved_ai_use,ai_user,trusted,OBJ-O-002,"{""task"": ""summarize approved public report""}",allow,allow,segmentation_only,segmentation_only-20260814T155332Z,20,C02-r020,200,allow,allow,true,6.127000,
C02,external_ai,O,true,approved_ai_use,ai_user,trusted,OBJ-O-002,"{""task"": ""summarize approved public report""}",allow,allow,segmentation_only,segmentation_only-20260814T155332Z,21,C02-r021,200,allow,allow,true,5.489400,
C02,external_ai,O,true,approved_ai_use,ai_user,trusted,OBJ-O-002,"{""task"": ""summarize approved public report""}",allow,allow,segmentation_only,segmentation_only-20260814T155332Z,22,C02-r022,200,allow,allow,true,8.415400,
C02,external_ai,O,true,approved_ai_use,ai_user,trusted,OBJ-O-002,"{""task"": ""summarize approved public report""}",allow,allow,segmentation_only,segmentation_only-20260814T155332Z,23,C02-r023,200,allow,allow,true,6.936700,
C02,external_ai,O,true,approved_ai_use,ai_user,trusted,OBJ-O-002,"{""task"": ""summarize approved public report""}",allow,allow,segmentation_only,segmentation_only-20260814T155332Z,24,C02-r024,200,allow,allow,true,8.309300,
C02,external_ai,O,true,approved_ai_use,ai_user,trusted,OBJ-O-002,"{""task"": ""summarize approved public report""}",allow,allow,segmentation_only,segmentation_only-20260814T155332Z,25,C02-r025,200,allow,allow,true,5.663400,
C02,external_ai,O,true,approved_ai_use,ai_user,trusted,OBJ-O-002,"{""task"": ""summarize approved public report""}",allow,allow,segmentation_only,segmentation_only-20260814T155332Z,26,C02-r026,200,allow,allow,true,7.513200,
C02,external_ai,O,true,approved_ai_use,ai_user,trusted,OBJ-O-002,"{""task"": ""summarize approved public report""}",allow,allow,segmentation_only,segmentation_only-20260814T155332Z,27,C02-r027,200,allow,allow,true,6.966500,
C02,external_ai,O,true,approved_ai_use,ai_user,trusted,OBJ-O-002,"{""task"": ""summarize approved public report""}",allow,allow,segmentation_only,segmentation_only-20260814T155332Z,28,C02-r028,200,allow,allow,true,6.852500,
C02,external_ai,O,true,approved_ai_use,ai_user,trusted,OBJ-O-002,"{""task"": ""summarize approved public report""}",allow,allow,segmentation_only,segmentation_only-20260814T155332Z,29,C02-r029,200,allow,allow,true,6.709800,
C02,external_ai,O,true,approved_ai_use,ai_user,trusted,OBJ-O-002,"{""task"": ""summarize approved public report""}",allow,allow,segmentation_only,segmentation_only-20260814T155332Z,30,C02-r030,200,allow,allow,true,8.198000,
C03,public,S,true,public_disclosure,publisher,trusted,OBJ-S-001,"{""internal_review"": ""confidential supervisory note""}",allow,deny,segmentation_only,segmentation_only-20260814T155332Z,1,C03-r001,200,allow,allow,true,5.811900,
C03,public,S,true,public_disclosure,publisher,trusted,OBJ-S-001,"{""internal_review"": ""confidential supervisory note""}",allow,deny,segmentation_only,segmentation_only-20260814T155332Z,2,C03-r002,200,allow,allow,true,7.441500,
C03,public,S,true,public_disclosure,publisher,trusted,OBJ-S-001,"{""internal_review"": ""confidential supervisory note""}",allow,deny,segmentation_only,segmentation_only-20260814T155332Z,3,C03-r003,200,allow,allow,true,7.096900,
C03,public,S,true,public_disclosure,publisher,trusted,OBJ-S-001,"{""internal_review"": ""confidential supervisory note""}",allow,deny,segmentation_only,segmentation_only-20260814T155332Z,4,C03-r004,200,allow,allow,true,5.911700,
C03,public,S,true,public_disclosure,publisher,trusted,OBJ-S-001,"{""internal_review"": ""confidential supervisory note""}",allow,deny,segmentation_only,segmentation_only-20260814T155332Z,5,C03-r005,200,allow,allow,true,7.469200,
C03,public,S,true,public_disclosure,publisher,trusted,OBJ-S-001,"{""internal_review"": ""confidential supervisory note""}",allow,deny,segmentation_only,segmentation_only-20260814T155332Z,6,C03-r006,200,allow,allow,true,9.189900,
C03,public,S,true,public_disclosure,publisher,trusted,OBJ-S-001,"{""internal_review"": ""confidential supervisory note""}",allow,deny,segmentation_only,segmentation_only-20260814T155332Z,7,C03-r007,200,allow,allow,true,6.221100,
C03,public,S,true,public_disclosure,publisher,trusted,OBJ-S-001,"{""internal_review"": ""confidential supervisory note""}",allow,deny,segmentation_only,segmentation_only-20260814T155332Z,8,C03-r008,200,allow,allow,true,5.949900,
C03,public,S,true,public_disclosure,publisher,trusted,OBJ-S-001,"{""internal_review"": ""confidential supervisory note""}",allow,deny,segmentation_only,segmentation_only-20260814T155332Z,9,C03-r009,200,allow,allow,true,7.796900,
C03,public,S,true,public_disclosure,publisher,trusted,OBJ-S-001,"{""internal_review"": ""confidential supervisory note""}",allow,deny,segmentation_only,segmentation_only-20260814T155332Z,10,C03-r010,200,allow,allow,true,5.706400,
C03,public,S,true,public_disclosure,publisher,trusted,OBJ-S-001,"{""internal_review"": ""confidential supervisory note""}",allow,deny,segmentation_only,segmentation_only-20260814T155332Z,11,C03-r011,200,allow,allow,true,8.080800,
C03,public,S,true,public_disclosure,publisher,trusted,OBJ-S-001,"{""internal_review"": ""confidential supervisory note""}",allow,deny,segmentation_only,segmentation_only-20260814T155332Z,12,C03-r012,200,allow,allow,true,6.188500,
C03,public,S,true,public_disclosure,publisher,trusted,OBJ-S-001,"{""internal_review"": ""confidential supervisory note""}",allow,deny,segmentation_only,segmentation_only-20260814T155332Z,13,C03-r013,200,allow,allow,true,6.293300,
C03,public,S,true,public_disclosure,publisher,trusted,OBJ-S-001,"{""internal_review"": ""confidential supervisory note""}",allow,deny,segmentation_only,segmentation_only-20260814T155332Z,14,C03-r014,200,allow,allow,true,7.860300,
C03,public,S,true,public_disclosure,publisher,trusted,OBJ-S-001,"{""internal_review"": ""confidential supervisory note""}",allow,deny,segmentation_only,segmentation_only-20260814T155332Z,15,C03-r015,200,allow,allow,true,6.888400,
C03,public,S,true,public_disclosure,publisher,trusted,OBJ-S-001,"{""internal_review"": ""confidential supervisory note""}",allow,deny,segmentation_only,segmentation_only-20260814T155332Z,16,C03-r016,200,allow,allow,true,6.837500,
C03,public,S,true,public_disclosure,publisher,trusted,OBJ-S-001,"{""internal_review"": ""confidential supervisory note""}",allow,deny,segmentation_only,segmentation_only-20260814T155332Z,17,C03-r017,200,allow,allow,true,7.802700,
C03,public,S,true,public_disclosure,publisher,trusted,OBJ-S-001,"{""internal_review"": ""confidential supervisory note""}",allow,deny,segmentation_only,segmentation_only-20260814T155332Z,18,C03-r018,200,allow,allow,true,6.664000,
C03,public,S,true,public_disclosure,publisher,trusted,OBJ-S-001,"{""internal_review"": ""confidential supervisory note""}",allow,deny,segmentation_only,segmentation_only-20260814T155332Z,19,C03-r019,200,allow,allow,true,6.769200,
C03,public,S,true,public_disclosure,publisher,trusted,OBJ-S-001,"{""internal_review"": ""confidential supervisory note""}",allow,deny,segmentation_only,segmentation_only-20260814T155332Z,20,C03-r020,200,allow,allow,true,7.538500,
C03,public,S,true,public_disclosure,publisher,trusted,OBJ-S-001,"{""internal_review"": ""confidential supervisory note""}",allow,deny,segmentation_only,segmentation_only-20260814T155332Z,21,C03-r021,200,allow,allow,true,6.138200,
C03,public,S,true,public_disclosure,publisher,trusted,OBJ-S-001,"{""internal_review"": ""confidential supervisory note""}",allow,deny,segmentation_only,segmentation_only-20260814T155332Z,22,C03-r022,200,allow,allow,true,7.936600,
C03,public,S,true,public_disclosure,publisher,trusted,OBJ-S-001,"{""internal_review"": ""confidential supervisory note""}",allow,deny,segmentation_only,segmentation_only-20260814T155332Z,23,C03-r023,200,allow,allow,true,6.502300,
C03,public,S,true,public_disclosure,publisher,trusted,OBJ-S-001,"{""internal_review"": ""confidential supervisory note""}",allow,deny,segmentation_only,segmentation_only-20260814T155332Z,24,C03-r024,200,allow,allow,true,7.304900,
C03,public,S,true,public_disclosure,publisher,trusted,OBJ-S-001,"{""internal_review"": ""confidential supervisory note""}",allow,deny,segmentation_only,segmentation_only-20260814T155332Z,25,C03-r025,200,allow,allow,true,6.033400,
C03,public,S,true,public_disclosure,publisher,trusted,OBJ-S-001,"{""internal_review"": ""confidential supervisory note""}",allow,deny,segmentation_only,segmentation_only-20260814T155332Z,26,C03-r026,200,allow,allow,true,7.486800,
C03,public,S,true,public_disclosure,publisher,trusted,OBJ-S-001,"{""internal_review"": ""confidential supervisory note""}",allow,deny,segmentation_only,segmentation_only-20260814T155332Z,27,C03-r027,200,allow,allow,true,6.096900,
C03,public,S,true,public_disclosure,publisher,trusted,OBJ-S-001,"{""internal_review"": ""confidential supervisory note""}",allow,deny,segmentation_only,segmentation_only-20260814T155332Z,28,C03-r028,200,allow,allow,true,5.876600,
C03,public,S,true,public_disclosure,publisher,trusted,OBJ-S-001,"{""internal_review"": ""confidential supervisory note""}",allow,deny,segmentation_only,segmentation_only-20260814T155332Z,29,C03-r029,200,allow,allow,true,8.101300,
C03,public,S,true,public_disclosure,publisher,trusted,OBJ-S-001,"{""internal_review"": ""confidential supervisory note""}",allow,deny,segmentation_only,segmentation_only-20260814T155332Z,30,C03-r030,200,allow,allow,true,6.905300,
C04,external_ai,O,true,approved_ai_use,ai_user,trusted,OBJ-O-003,"{""resident_id"": ""900101-1234567"", ""task"": ""summarize""}",allow,deny,segmentation_only,segmentation_only-20260814T155332Z,1,C04-r001,200,allow,allow,true,7.088900,
C04,external_ai,O,true,approved_ai_use,ai_user,trusted,OBJ-O-003,"{""resident_id"": ""900101-1234567"", ""task"": ""summarize""}",allow,deny,segmentation_only,segmentation_only-20260814T155332Z,2,C04-r002,200,allow,allow,true,7.708800,
C04,external_ai,O,true,approved_ai_use,ai_user,trusted,OBJ-O-003,"{""resident_id"": ""900101-1234567"", ""task"": ""summarize""}",allow,deny,segmentation_only,segmentation_only-20260814T155332Z,3,C04-r003,200,allow,allow,true,9.445200,
C04,external_ai,O,true,approved_ai_use,ai_user,trusted,OBJ-O-003,"{""resident_id"": ""900101-1234567"", ""task"": ""summarize""}",allow,deny,segmentation_only,segmentation_only-20260814T155332Z,4,C04-r004,200,allow,allow,true,6.299500,
C04,external_ai,O,true,approved_ai_use,ai_user,trusted,OBJ-O-003,"{""resident_id"": ""900101-1234567"", ""task"": ""summarize""}",allow,deny,segmentation_only,segmentation_only-20260814T155332Z,5,C04-r005,200,allow,allow,true,7.163200,
C04,external_ai,O,true,approved_ai_use,ai_user,trusted,OBJ-O-003,"{""resident_id"": ""900101-1234567"", ""task"": ""summarize""}",allow,deny,segmentation_only,segmentation_only-20260814T155332Z,6,C04-r006,200,allow,allow,true,6.406800,
C04,external_ai,O,true,approved_ai_use,ai_user,trusted,OBJ-O-003,"{""resident_id"": ""900101-1234567"", ""task"": ""summarize""}",allow,deny,segmentation_only,segmentation_only-20260814T155332Z,7,C04-r007,200,allow,allow,true,8.359800,
C04,external_ai,O,true,approved_ai_use,ai_user,trusted,OBJ-O-003,"{""resident_id"": ""900101-1234567"", ""task"": ""summarize""}",allow,deny,segmentation_only,segmentation_only-20260814T155332Z,8,C04-r008,200,allow,allow,true,6.267100,
C04,external_ai,O,true,approved_ai_use,ai_user,trusted,OBJ-O-003,"{""resident_id"": ""900101-1234567"", ""task"": ""summarize""}",allow,deny,segmentation_only,segmentation_only-20260814T155332Z,9,C04-r009,200,allow,allow,true,7.402200,
C04,external_ai,O,true,approved_ai_use,ai_user,trusted,OBJ-O-003,"{""resident_id"": ""900101-1234567"", ""task"": ""summarize""}",allow,deny,segmentation_only,segmentation_only-20260814T155332Z,10,C04-r010,200,allow,allow,true,6.025800,
C04,external_ai,O,true,approved_ai_use,ai_user,trusted,OBJ-O-003,"{""resident_id"": ""900101-1234567"", ""task"": ""summarize""}",allow,deny,segmentation_only,segmentation_only-20260814T155332Z,11,C04-r011,200,allow,allow,true,6.055300,
C04,external_ai,O,true,approved_ai_use,ai_user,trusted,OBJ-O-003,"{""resident_id"": ""900101-1234567"", ""task"": ""summarize""}",allow,deny,segmentation_only,segmentation_only-20260814T155332Z,12,C04-r012,200,allow,allow,true,7.566300,
C04,external_ai,O,true,approved_ai_use,ai_user,trusted,OBJ-O-003,"{""resident_id"": ""900101-1234567"", ""task"": ""summarize""}",allow,deny,segmentation_only,segmentation_only-20260814T155332Z,13,C04-r013,200,allow,allow,true,5.667200,
C04,external_ai,O,true,approved_ai_use,ai_user,trusted,OBJ-O-003,"{""resident_id"": ""900101-1234567"", ""task"": ""summarize""}",allow,deny,segmentation_only,segmentation_only-20260814T155332Z,14,C04-r014,200,allow,allow,true,8.512600,
C04,external_ai,O,true,approved_ai_use,ai_user,trusted,OBJ-O-003,"{""resident_id"": ""900101-1234567"", ""task"": ""summarize""}",allow,deny,segmentation_only,segmentation_only-20260814T155332Z,15,C04-r015,200,allow,allow,true,6.555800,
C04,external_ai,O,true,approved_ai_use,ai_user,trusted,OBJ-O-003,"{""resident_id"": ""900101-1234567"", ""task"": ""summarize""}",allow,deny,segmentation_only,segmentation_only-20260814T155332Z,16,C04-r016,200,allow,allow,true,6.763000,
C04,external_ai,O,true,approved_ai_use,ai_user,trusted,OBJ-O-003,"{""resident_id"": ""900101-1234567"", ""task"": ""summarize""}",allow,deny,segmentation_only,segmentation_only-20260814T155332Z,17,C04-r017,200,allow,allow,true,7.337800,
C04,external_ai,O,true,approved_ai_use,ai_user,trusted,OBJ-O-003,"{""resident_id"": ""900101-1234567"", ""task"": ""summarize""}",allow,deny,segmentation_only,segmentation_only-20260814T155332Z,18,C04-r018,200,allow,allow,true,6.961800,
C04,external_ai,O,true,approved_ai_use,ai_user,trusted,OBJ-O-003,"{""resident_id"": ""900101-1234567"", ""task"": ""summarize""}",allow,deny,segmentation_only,segmentation_only-20260814T155332Z,19,C04-r019,200,allow,allow,true,6.921900,
C04,external_ai,O,true,approved_ai_use,ai_user,trusted,OBJ-O-003,"{""resident_id"": ""900101-1234567"", ""task"": ""summarize""}",allow,deny,segmentation_only,segmentation_only-20260814T155332Z,20,C04-r020,200,allow,allow,true,8.266000,
C04,external_ai,O,true,approved_ai_use,ai_user,trusted,OBJ-O-003,"{""resident_id"": ""900101-1234567"", ""task"": ""summarize""}",allow,deny,segmentation_only,segmentation_only-20260814T155332Z,21,C04-r021,200,allow,allow,true,7.413000,
C04,external_ai,O,true,approved_ai_use,ai_user,trusted,OBJ-O-003,"{""resident_id"": ""900101-1234567"", ""task"": ""summarize""}",allow,deny,segmentation_only,segmentation_only-20260814T155332Z,22,C04-r022,200,allow,allow,true,7.924800,
C04,external_ai,O,true,approved_ai_use,ai_user,trusted,OBJ-O-003,"{""resident_id"": ""900101-1234567"", ""task"": ""summarize""}",allow,deny,segmentation_only,segmentation_only-20260814T155332Z,23,C04-r023,200,allow,allow,true,6.699700,
C04,external_ai,O,true,approved_ai_use,ai_user,trusted,OBJ-O-003,"{""resident_id"": ""900101-1234567"", ""task"": ""summarize""}",allow,deny,segmentation_only,segmentation_only-20260814T155332Z,24,C04-r024,200,allow,allow,true,7.434200,
C04,external_ai,O,true,approved_ai_use,ai_user,trusted,OBJ-O-003,"{""resident_id"": ""900101-1234567"", ""task"": ""summarize""}",allow,deny,segmentation_only,segmentation_only-20260814T155332Z,25,C04-r025,200,allow,allow,true,6.628900,
C04,external_ai,O,true,approved_ai_use,ai_user,trusted,OBJ-O-003,"{""resident_id"": ""900101-1234567"", ""task"": ""summarize""}",allow,deny,segmentation_only,segmentation_only-20260814T155332Z,26,C04-r026,200,allow,allow,true,14.280800,
C04,external_ai,O,true,approved_ai_use,ai_user,trusted,OBJ-O-003,"{""resident_id"": ""900101-1234567"", ""task"": ""summarize""}",allow,deny,segmentation_only,segmentation_only-20260814T155332Z,27,C04-r027,200,allow,allow,true,8.220000,
C04,external_ai,O,true,approved_ai_use,ai_user,trusted,OBJ-O-003,"{""resident_id"": ""900101-1234567"", ""task"": ""summarize""}",allow,deny,segmentation_only,segmentation_only-20260814T155332Z,28,C04-r028,200,allow,allow,true,7.144200,
C04,external_ai,O,true,approved_ai_use,ai_user,trusted,OBJ-O-003,"{""resident_id"": ""900101-1234567"", ""task"": ""summarize""}",allow,deny,segmentation_only,segmentation_only-20260814T155332Z,29,C04-r029,200,allow,allow,true,6.195800,
C04,external_ai,O,true,approved_ai_use,ai_user,trusted,OBJ-O-003,"{""resident_id"": ""900101-1234567"", ""task"": ""summarize""}",allow,deny,segmentation_only,segmentation_only-20260814T155332Z,30,C04-r030,200,allow,allow,true,7.250200,
C05,public,O,false,public_disclosure,publisher,trusted,OBJ-O-004,"{""statistic"": ""unapproved draft""}",deny,deny,segmentation_only,segmentation_only-20260814T155332Z,1,C05-r001,403,deny,deny,true,8.173900,
C05,public,O,false,public_disclosure,publisher,trusted,OBJ-O-004,"{""statistic"": ""unapproved draft""}",deny,deny,segmentation_only,segmentation_only-20260814T155332Z,2,C05-r002,403,deny,deny,true,8.258800,
C05,public,O,false,public_disclosure,publisher,trusted,OBJ-O-004,"{""statistic"": ""unapproved draft""}",deny,deny,segmentation_only,segmentation_only-20260814T155332Z,3,C05-r003,403,deny,deny,true,6.325300,
C05,public,O,false,public_disclosure,publisher,trusted,OBJ-O-004,"{""statistic"": ""unapproved draft""}",deny,deny,segmentation_only,segmentation_only-20260814T155332Z,4,C05-r004,403,deny,deny,true,7.745800,
C05,public,O,false,public_disclosure,publisher,trusted,OBJ-O-004,"{""statistic"": ""unapproved draft""}",deny,deny,segmentation_only,segmentation_only-20260814T155332Z,5,C05-r005,403,deny,deny,true,6.191600,
C05,public,O,false,public_disclosure,publisher,trusted,OBJ-O-004,"{""statistic"": ""unapproved draft""}",deny,deny,segmentation_only,segmentation_only-20260814T155332Z,6,C05-r006,403,deny,deny,true,6.852100,
C05,public,O,false,public_disclosure,publisher,trusted,OBJ-O-004,"{""statistic"": ""unapproved draft""}",deny,deny,segmentation_only,segmentation_only-20260814T155332Z,7,C05-r007,403,deny,deny,true,6.712400,
C05,public,O,false,public_disclosure,publisher,trusted,OBJ-O-004,"{""statistic"": ""unapproved draft""}",deny,deny,segmentation_only,segmentation_only-20260814T155332Z,8,C05-r008,403,deny,deny,true,5.843800,
C05,public,O,false,public_disclosure,publisher,trusted,OBJ-O-004,"{""statistic"": ""unapproved draft""}",deny,deny,segmentation_only,segmentation_only-20260814T155332Z,9,C05-r009,403,deny,deny,true,9.989100,
C05,public,O,false,public_disclosure,publisher,trusted,OBJ-O-004,"{""statistic"": ""unapproved draft""}",deny,deny,segmentation_only,segmentation_only-20260814T155332Z,10,C05-r010,403,deny,deny,true,7.390200,
C05,public,O,false,public_disclosure,publisher,trusted,OBJ-O-004,"{""statistic"": ""unapproved draft""}",deny,deny,segmentation_only,segmentation_only-20260814T155332Z,11,C05-r011,403,deny,deny,true,6.696800,
C05,public,O,false,public_disclosure,publisher,trusted,OBJ-O-004,"{""statistic"": ""unapproved draft""}",deny,deny,segmentation_only,segmentation_only-20260814T155332Z,12,C05-r012,403,deny,deny,true,6.385500,
C05,public,O,false,public_disclosure,publisher,trusted,OBJ-O-004,"{""statistic"": ""unapproved draft""}",deny,deny,segmentation_only,segmentation_only-20260814T155332Z,13,C05-r013,403,deny,deny,true,6.507200,
C05,public,O,false,public_disclosure,publisher,trusted,OBJ-O-004,"{""statistic"": ""unapproved draft""}",deny,deny,segmentation_only,segmentation_only-20260814T155332Z,14,C05-r014,403,deny,deny,true,8.064600,
C05,public,O,false,public_disclosure,publisher,trusted,OBJ-O-004,"{""statistic"": ""unapproved draft""}",deny,deny,segmentation_only,segmentation_only-20260814T155332Z,15,C05-r015,403,deny,deny,true,6.897800,
C05,public,O,false,public_disclosure,publisher,trusted,OBJ-O-004,"{""statistic"": ""unapproved draft""}",deny,deny,segmentation_only,segmentation_only-20260814T155332Z,16,C05-r016,403,deny,deny,true,7.296900,
C05,public,O,false,public_disclosure,publisher,trusted,OBJ-O-004,"{""statistic"": ""unapproved draft""}",deny,deny,segmentation_only,segmentation_only-20260814T155332Z,17,C05-r017,403,deny,deny,true,6.229000,
C05,public,O,false,public_disclosure,publisher,trusted,OBJ-O-004,"{""statistic"": ""unapproved draft""}",deny,deny,segmentation_only,segmentation_only-20260814T155332Z,18,C05-r018,403,deny,deny,true,7.133800,
C05,public,O,false,public_disclosure,publisher,trusted,OBJ-O-004,"{""statistic"": ""unapproved draft""}",deny,deny,segmentation_only,segmentation_only-20260814T155332Z,19,C05-r019,403,deny,deny,true,6.184200,
C05,public,O,false,public_disclosure,publisher,trusted,OBJ-O-004,"{""statistic"": ""unapproved draft""}",deny,deny,segmentation_only,segmentation_only-20260814T155332Z,20,C05-r020,403,deny,deny,true,7.318800,
C05,public,O,false,public_disclosure,publisher,trusted,OBJ-O-004,"{""statistic"": ""unapproved draft""}",deny,deny,segmentation_only,segmentation_only-20260814T155332Z,21,C05-r021,403,deny,deny,true,6.064200,
C05,public,O,false,public_disclosure,publisher,trusted,OBJ-O-004,"{""statistic"": ""unapproved draft""}",deny,deny,segmentation_only,segmentation_only-20260814T155332Z,22,C05-r022,403,deny,deny,true,7.426600,
C05,public,O,false,public_disclosure,publisher,trusted,OBJ-O-004,"{""statistic"": ""unapproved draft""}",deny,deny,segmentation_only,segmentation_only-20260814T155332Z,23,C05-r023,403,deny,deny,true,5.852800,
C05,public,O,false,public_disclosure,publisher,trusted,OBJ-O-004,"{""statistic"": ""unapproved draft""}",deny,deny,segmentation_only,segmentation_only-20260814T155332Z,24,C05-r024,403,deny,deny,true,6.828000,
C05,public,O,false,public_disclosure,publisher,trusted,OBJ-O-004,"{""statistic"": ""unapproved draft""}",deny,deny,segmentation_only,segmentation_only-20260814T155332Z,25,C05-r025,403,deny,deny,true,6.924600,
C05,public,O,false,public_disclosure,publisher,trusted,OBJ-O-004,"{""statistic"": ""unapproved draft""}",deny,deny,segmentation_only,segmentation_only-20260814T155332Z,26,C05-r026,403,deny,deny,true,6.531400,
C05,public,O,false,public_disclosure,publisher,trusted,OBJ-O-004,"{""statistic"": ""unapproved draft""}",deny,deny,segmentation_only,segmentation_only-20260814T155332Z,27,C05-r027,403,deny,deny,true,7.817300,
C05,public,O,false,public_disclosure,publisher,trusted,OBJ-O-004,"{""statistic"": ""unapproved draft""}",deny,deny,segmentation_only,segmentation_only-20260814T155332Z,28,C05-r028,403,deny,deny,true,8.071300,
C05,public,O,false,public_disclosure,publisher,trusted,OBJ-O-004,"{""statistic"": ""unapproved draft""}",deny,deny,segmentation_only,segmentation_only-20260814T155332Z,29,C05-r029,403,deny,deny,true,8.746600,
C05,public,O,false,public_disclosure,publisher,trusted,OBJ-O-004,"{""statistic"": ""unapproved draft""}",deny,deny,segmentation_only,segmentation_only-20260814T155332Z,30,C05-r030,403,deny,deny,true,7.553800,
C06,external_ai,O,true,approved_ai_use,ai_user,untrusted,OBJ-O-005,"{""task"": ""approved public text""}",deny,deny,segmentation_only,segmentation_only-20260814T155332Z,1,C06-r001,403,deny,deny,true,6.237100,
C06,external_ai,O,true,approved_ai_use,ai_user,untrusted,OBJ-O-005,"{""task"": ""approved public text""}",deny,deny,segmentation_only,segmentation_only-20260814T155332Z,2,C06-r002,403,deny,deny,true,8.529200,
C06,external_ai,O,true,approved_ai_use,ai_user,untrusted,OBJ-O-005,"{""task"": ""approved public text""}",deny,deny,segmentation_only,segmentation_only-20260814T155332Z,3,C06-r003,403,deny,deny,true,5.717000,
C06,external_ai,O,true,approved_ai_use,ai_user,untrusted,OBJ-O-005,"{""task"": ""approved public text""}",deny,deny,segmentation_only,segmentation_only-20260814T155332Z,4,C06-r004,403,deny,deny,true,8.190500,
C06,external_ai,O,true,approved_ai_use,ai_user,untrusted,OBJ-O-005,"{""task"": ""approved public text""}",deny,deny,segmentation_only,segmentation_only-20260814T155332Z,5,C06-r005,403,deny,deny,true,7.686600,
C06,external_ai,O,true,approved_ai_use,ai_user,untrusted,OBJ-O-005,"{""task"": ""approved public text""}",deny,deny,segmentation_only,segmentation_only-20260814T155332Z,6,C06-r006,403,deny,deny,true,6.569300,
C06,external_ai,O,true,approved_ai_use,ai_user,untrusted,OBJ-O-005,"{""task"": ""approved public text""}",deny,deny,segmentation_only,segmentation_only-20260814T155332Z,7,C06-r007,403,deny,deny,true,7.701200,
C06,external_ai,O,true,approved_ai_use,ai_user,untrusted,OBJ-O-005,"{""task"": ""approved public text""}",deny,deny,segmentation_only,segmentation_only-20260814T155332Z,8,C06-r008,403,deny,deny,true,6.339900,
C06,external_ai,O,true,approved_ai_use,ai_user,untrusted,OBJ-O-005,"{""task"": ""approved public text""}",deny,deny,segmentation_only,segmentation_only-20260814T155332Z,9,C06-r009,403,deny,deny,true,7.651600,
C06,external_ai,O,true,approved_ai_use,ai_user,untrusted,OBJ-O-005,"{""task"": ""approved public text""}",deny,deny,segmentation_only,segmentation_only-20260814T155332Z,10,C06-r010,403,deny,deny,true,6.410600,
C06,external_ai,O,true,approved_ai_use,ai_user,untrusted,OBJ-O-005,"{""task"": ""approved public text""}",deny,deny,segmentation_only,segmentation_only-20260814T155332Z,11,C06-r011,403,deny,deny,true,7.327500,
C06,external_ai,O,true,approved_ai_use,ai_user,untrusted,OBJ-O-005,"{""task"": ""approved public text""}",deny,deny,segmentation_only,segmentation_only-20260814T155332Z,12,C06-r012,403,deny,deny,true,7.628700,
C06,external_ai,O,true,approved_ai_use,ai_user,untrusted,OBJ-O-005,"{""task"": ""approved public text""}",deny,deny,segmentation_only,segmentation_only-20260814T155332Z,13,C06-r013,403,deny,deny,true,6.713900,
C06,external_ai,O,true,approved_ai_use,ai_user,untrusted,OBJ-O-005,"{""task"": ""approved public text""}",deny,deny,segmentation_only,segmentation_only-20260814T155332Z,14,C06-r014,403,deny,deny,true,7.843900,
C06,external_ai,O,true,approved_ai_use,ai_user,untrusted,OBJ-O-005,"{""task"": ""approved public text""}",deny,deny,segmentation_only,segmentation_only-20260814T155332Z,15,C06-r015,403,deny,deny,true,7.294300,
C06,external_ai,O,true,approved_ai_use,ai_user,untrusted,OBJ-O-005,"{""task"": ""approved public text""}",deny,deny,segmentation_only,segmentation_only-20260814T155332Z,16,C06-r016,403,deny,deny,true,7.687400,
C06,external_ai,O,true,approved_ai_use,ai_user,untrusted,OBJ-O-005,"{""task"": ""approved public text""}",deny,deny,segmentation_only,segmentation_only-20260814T155332Z,17,C06-r017,403,deny,deny,true,8.007900,
C06,external_ai,O,true,approved_ai_use,ai_user,untrusted,OBJ-O-005,"{""task"": ""approved public text""}",deny,deny,segmentation_only,segmentation_only-20260814T155332Z,18,C06-r018,403,deny,deny,true,8.745000,
C06,external_ai,O,true,approved_ai_use,ai_user,untrusted,OBJ-O-005,"{""task"": ""approved public text""}",deny,deny,segmentation_only,segmentation_only-20260814T155332Z,19,C06-r019,403,deny,deny,true,7.003900,
C06,external_ai,O,true,approved_ai_use,ai_user,untrusted,OBJ-O-005,"{""task"": ""approved public text""}",deny,deny,segmentation_only,segmentation_only-20260814T155332Z,20,C06-r020,403,deny,deny,true,8.896900,
C06,external_ai,O,true,approved_ai_use,ai_user,untrusted,OBJ-O-005,"{""task"": ""approved public text""}",deny,deny,segmentation_only,segmentation_only-20260814T155332Z,21,C06-r021,403,deny,deny,true,6.668600,
C06,external_ai,O,true,approved_ai_use,ai_user,untrusted,OBJ-O-005,"{""task"": ""approved public text""}",deny,deny,segmentation_only,segmentation_only-20260814T155332Z,22,C06-r022,403,deny,deny,true,6.537700,
C06,external_ai,O,true,approved_ai_use,ai_user,untrusted,OBJ-O-005,"{""task"": ""approved public text""}",deny,deny,segmentation_only,segmentation_only-20260814T155332Z,23,C06-r023,403,deny,deny,true,9.177400,
C06,external_ai,O,true,approved_ai_use,ai_user,untrusted,OBJ-O-005,"{""task"": ""approved public text""}",deny,deny,segmentation_only,segmentation_only-20260814T155332Z,24,C06-r024,403,deny,deny,true,7.395300,
C06,external_ai,O,true,approved_ai_use,ai_user,untrusted,OBJ-O-005,"{""task"": ""approved public text""}",deny,deny,segmentation_only,segmentation_only-20260814T155332Z,25,C06-r025,403,deny,deny,true,6.816500,
C06,external_ai,O,true,approved_ai_use,ai_user,untrusted,OBJ-O-005,"{""task"": ""approved public text""}",deny,deny,segmentation_only,segmentation_only-20260814T155332Z,26,C06-r026,403,deny,deny,true,7.443400,
C06,external_ai,O,true,approved_ai_use,ai_user,untrusted,OBJ-O-005,"{""task"": ""approved public text""}",deny,deny,segmentation_only,segmentation_only-20260814T155332Z,27,C06-r027,403,deny,deny,true,6.632900,
C06,external_ai,O,true,approved_ai_use,ai_user,untrusted,OBJ-O-005,"{""task"": ""approved public text""}",deny,deny,segmentation_only,segmentation_only-20260814T155332Z,28,C06-r028,403,deny,deny,true,7.670200,
C06,external_ai,O,true,approved_ai_use,ai_user,untrusted,OBJ-O-005,"{""task"": ""approved public text""}",deny,deny,segmentation_only,segmentation_only-20260814T155332Z,29,C06-r029,403,deny,deny,true,6.632500,
C06,external_ai,O,true,approved_ai_use,ai_user,untrusted,OBJ-O-005,"{""task"": ""approved public text""}",deny,deny,segmentation_only,segmentation_only-20260814T155332Z,30,C06-r030,403,deny,deny,true,8.412300,
