scenario_id,destination,data_grade,approved,purpose,role,device_trust,source_object_id,content_json,expected_baseline,expected_proposed,mode,experiment_run_id,run_id,attempt_id,status_code,actual,expected,matches_expected,latency_ms,error
C01,public,O,true,public_disclosure,publisher,trusted,OBJ-O-001,"{""statistic"": ""aggregate delinquency rate"", ""value"": 3.2}",allow,allow,proposed,proposed-20260814T022735Z,1,C01-r001,200,allow,allow,true,20.316200,
C01,public,O,true,public_disclosure,publisher,trusted,OBJ-O-001,"{""statistic"": ""aggregate delinquency rate"", ""value"": 3.2}",allow,allow,proposed,proposed-20260814T022735Z,2,C01-r002,200,allow,allow,true,6.228000,
C01,public,O,true,public_disclosure,publisher,trusted,OBJ-O-001,"{""statistic"": ""aggregate delinquency rate"", ""value"": 3.2}",allow,allow,proposed,proposed-20260814T022735Z,3,C01-r003,200,allow,allow,true,5.676100,
C01,public,O,true,public_disclosure,publisher,trusted,OBJ-O-001,"{""statistic"": ""aggregate delinquency rate"", ""value"": 3.2}",allow,allow,proposed,proposed-20260814T022735Z,4,C01-r004,200,allow,allow,true,6.778300,
C01,public,O,true,public_disclosure,publisher,trusted,OBJ-O-001,"{""statistic"": ""aggregate delinquency rate"", ""value"": 3.2}",allow,allow,proposed,proposed-20260814T022735Z,5,C01-r005,200,allow,allow,true,5.922200,
C01,public,O,true,public_disclosure,publisher,trusted,OBJ-O-001,"{""statistic"": ""aggregate delinquency rate"", ""value"": 3.2}",allow,allow,proposed,proposed-20260814T022735Z,6,C01-r006,200,allow,allow,true,6.966700,
C01,public,O,true,public_disclosure,publisher,trusted,OBJ-O-001,"{""statistic"": ""aggregate delinquency rate"", ""value"": 3.2}",allow,allow,proposed,proposed-20260814T022735Z,7,C01-r007,200,allow,allow,true,6.380000,
C01,public,O,true,public_disclosure,publisher,trusted,OBJ-O-001,"{""statistic"": ""aggregate delinquency rate"", ""value"": 3.2}",allow,allow,proposed,proposed-20260814T022735Z,8,C01-r008,200,allow,allow,true,6.407700,
C01,public,O,true,public_disclosure,publisher,trusted,OBJ-O-001,"{""statistic"": ""aggregate delinquency rate"", ""value"": 3.2}",allow,allow,proposed,proposed-20260814T022735Z,9,C01-r009,200,allow,allow,true,6.527200,
C01,public,O,true,public_disclosure,publisher,trusted,OBJ-O-001,"{""statistic"": ""aggregate delinquency rate"", ""value"": 3.2}",allow,allow,proposed,proposed-20260814T022735Z,10,C01-r010,200,allow,allow,true,5.090800,
C01,public,O,true,public_disclosure,publisher,trusted,OBJ-O-001,"{""statistic"": ""aggregate delinquency rate"", ""value"": 3.2}",allow,allow,proposed,proposed-20260814T022735Z,11,C01-r011,200,allow,allow,true,6.891100,
C01,public,O,true,public_disclosure,publisher,trusted,OBJ-O-001,"{""statistic"": ""aggregate delinquency rate"", ""value"": 3.2}",allow,allow,proposed,proposed-20260814T022735Z,12,C01-r012,200,allow,allow,true,5.138100,
C01,public,O,true,public_disclosure,publisher,trusted,OBJ-O-001,"{""statistic"": ""aggregate delinquency rate"", ""value"": 3.2}",allow,allow,proposed,proposed-20260814T022735Z,13,C01-r013,200,allow,allow,true,6.568400,
C01,public,O,true,public_disclosure,publisher,trusted,OBJ-O-001,"{""statistic"": ""aggregate delinquency rate"", ""value"": 3.2}",allow,allow,proposed,proposed-20260814T022735Z,14,C01-r014,200,allow,allow,true,7.377100,
C01,public,O,true,public_disclosure,publisher,trusted,OBJ-O-001,"{""statistic"": ""aggregate delinquency rate"", ""value"": 3.2}",allow,allow,proposed,proposed-20260814T022735Z,15,C01-r015,200,allow,allow,true,7.858500,
C01,public,O,true,public_disclosure,publisher,trusted,OBJ-O-001,"{""statistic"": ""aggregate delinquency rate"", ""value"": 3.2}",allow,allow,proposed,proposed-20260814T022735Z,16,C01-r016,200,allow,allow,true,7.176400,
C01,public,O,true,public_disclosure,publisher,trusted,OBJ-O-001,"{""statistic"": ""aggregate delinquency rate"", ""value"": 3.2}",allow,allow,proposed,proposed-20260814T022735Z,17,C01-r017,200,allow,allow,true,8.659700,
C01,public,O,true,public_disclosure,publisher,trusted,OBJ-O-001,"{""statistic"": ""aggregate delinquency rate"", ""value"": 3.2}",allow,allow,proposed,proposed-20260814T022735Z,18,C01-r018,200,allow,allow,true,6.389000,
C01,public,O,true,public_disclosure,publisher,trusted,OBJ-O-001,"{""statistic"": ""aggregate delinquency rate"", ""value"": 3.2}",allow,allow,proposed,proposed-20260814T022735Z,19,C01-r019,200,allow,allow,true,6.961100,
C01,public,O,true,public_disclosure,publisher,trusted,OBJ-O-001,"{""statistic"": ""aggregate delinquency rate"", ""value"": 3.2}",allow,allow,proposed,proposed-20260814T022735Z,20,C01-r020,200,allow,allow,true,5.958600,
C01,public,O,true,public_disclosure,publisher,trusted,OBJ-O-001,"{""statistic"": ""aggregate delinquency rate"", ""value"": 3.2}",allow,allow,proposed,proposed-20260814T022735Z,21,C01-r021,200,allow,allow,true,5.977200,
C01,public,O,true,public_disclosure,publisher,trusted,OBJ-O-001,"{""statistic"": ""aggregate delinquency rate"", ""value"": 3.2}",allow,allow,proposed,proposed-20260814T022735Z,22,C01-r022,200,allow,allow,true,8.409600,
C01,public,O,true,public_disclosure,publisher,trusted,OBJ-O-001,"{""statistic"": ""aggregate delinquency rate"", ""value"": 3.2}",allow,allow,proposed,proposed-20260814T022735Z,23,C01-r023,200,allow,allow,true,6.124300,
C01,public,O,true,public_disclosure,publisher,trusted,OBJ-O-001,"{""statistic"": ""aggregate delinquency rate"", ""value"": 3.2}",allow,allow,proposed,proposed-20260814T022735Z,24,C01-r024,200,allow,allow,true,6.100100,
C01,public,O,true,public_disclosure,publisher,trusted,OBJ-O-001,"{""statistic"": ""aggregate delinquency rate"", ""value"": 3.2}",allow,allow,proposed,proposed-20260814T022735Z,25,C01-r025,200,allow,allow,true,7.174700,
C01,public,O,true,public_disclosure,publisher,trusted,OBJ-O-001,"{""statistic"": ""aggregate delinquency rate"", ""value"": 3.2}",allow,allow,proposed,proposed-20260814T022735Z,26,C01-r026,200,allow,allow,true,5.381000,
C01,public,O,true,public_disclosure,publisher,trusted,OBJ-O-001,"{""statistic"": ""aggregate delinquency rate"", ""value"": 3.2}",allow,allow,proposed,proposed-20260814T022735Z,27,C01-r027,200,allow,allow,true,5.762200,
C01,public,O,true,public_disclosure,publisher,trusted,OBJ-O-001,"{""statistic"": ""aggregate delinquency rate"", ""value"": 3.2}",allow,allow,proposed,proposed-20260814T022735Z,28,C01-r028,200,allow,allow,true,6.753400,
C01,public,O,true,public_disclosure,publisher,trusted,OBJ-O-001,"{""statistic"": ""aggregate delinquency rate"", ""value"": 3.2}",allow,allow,proposed,proposed-20260814T022735Z,29,C01-r029,200,allow,allow,true,5.790400,
C01,public,O,true,public_disclosure,publisher,trusted,OBJ-O-001,"{""statistic"": ""aggregate delinquency rate"", ""value"": 3.2}",allow,allow,proposed,proposed-20260814T022735Z,30,C01-r030,200,allow,allow,true,7.038000,
C02,external_ai,O,true,approved_ai_use,ai_user,trusted,OBJ-O-002,"{""task"": ""summarize approved public report""}",allow,allow,proposed,proposed-20260814T022735Z,1,C02-r001,200,allow,allow,true,7.175100,
C02,external_ai,O,true,approved_ai_use,ai_user,trusted,OBJ-O-002,"{""task"": ""summarize approved public report""}",allow,allow,proposed,proposed-20260814T022735Z,2,C02-r002,200,allow,allow,true,6.985800,
C02,external_ai,O,true,approved_ai_use,ai_user,trusted,OBJ-O-002,"{""task"": ""summarize approved public report""}",allow,allow,proposed,proposed-20260814T022735Z,3,C02-r003,200,allow,allow,true,6.401800,
C02,external_ai,O,true,approved_ai_use,ai_user,trusted,OBJ-O-002,"{""task"": ""summarize approved public report""}",allow,allow,proposed,proposed-20260814T022735Z,4,C02-r004,200,allow,allow,true,6.879000,
C02,external_ai,O,true,approved_ai_use,ai_user,trusted,OBJ-O-002,"{""task"": ""summarize approved public report""}",allow,allow,proposed,proposed-20260814T022735Z,5,C02-r005,200,allow,allow,true,6.605000,
C02,external_ai,O,true,approved_ai_use,ai_user,trusted,OBJ-O-002,"{""task"": ""summarize approved public report""}",allow,allow,proposed,proposed-20260814T022735Z,6,C02-r006,200,allow,allow,true,7.947600,
C02,external_ai,O,true,approved_ai_use,ai_user,trusted,OBJ-O-002,"{""task"": ""summarize approved public report""}",allow,allow,proposed,proposed-20260814T022735Z,7,C02-r007,200,allow,allow,true,6.375300,
C02,external_ai,O,true,approved_ai_use,ai_user,trusted,OBJ-O-002,"{""task"": ""summarize approved public report""}",allow,allow,proposed,proposed-20260814T022735Z,8,C02-r008,200,allow,allow,true,6.557300,
C02,external_ai,O,true,approved_ai_use,ai_user,trusted,OBJ-O-002,"{""task"": ""summarize approved public report""}",allow,allow,proposed,proposed-20260814T022735Z,9,C02-r009,200,allow,allow,true,7.620100,
C02,external_ai,O,true,approved_ai_use,ai_user,trusted,OBJ-O-002,"{""task"": ""summarize approved public report""}",allow,allow,proposed,proposed-20260814T022735Z,10,C02-r010,200,allow,allow,true,6.107700,
C02,external_ai,O,true,approved_ai_use,ai_user,trusted,OBJ-O-002,"{""task"": ""summarize approved public report""}",allow,allow,proposed,proposed-20260814T022735Z,11,C02-r011,200,allow,allow,true,7.591800,
C02,external_ai,O,true,approved_ai_use,ai_user,trusted,OBJ-O-002,"{""task"": ""summarize approved public report""}",allow,allow,proposed,proposed-20260814T022735Z,12,C02-r012,200,allow,allow,true,10.227700,
C02,external_ai,O,true,approved_ai_use,ai_user,trusted,OBJ-O-002,"{""task"": ""summarize approved public report""}",allow,allow,proposed,proposed-20260814T022735Z,13,C02-r013,200,allow,allow,true,6.581500,
C02,external_ai,O,true,approved_ai_use,ai_user,trusted,OBJ-O-002,"{""task"": ""summarize approved public report""}",allow,allow,proposed,proposed-20260814T022735Z,14,C02-r014,200,allow,allow,true,7.331400,
C02,external_ai,O,true,approved_ai_use,ai_user,trusted,OBJ-O-002,"{""task"": ""summarize approved public report""}",allow,allow,proposed,proposed-20260814T022735Z,15,C02-r015,200,allow,allow,true,10.033800,
C02,external_ai,O,true,approved_ai_use,ai_user,trusted,OBJ-O-002,"{""task"": ""summarize approved public report""}",allow,allow,proposed,proposed-20260814T022735Z,16,C02-r016,200,allow,allow,true,10.834300,
C02,external_ai,O,true,approved_ai_use,ai_user,trusted,OBJ-O-002,"{""task"": ""summarize approved public report""}",allow,allow,proposed,proposed-20260814T022735Z,17,C02-r017,200,allow,allow,true,8.334300,
C02,external_ai,O,true,approved_ai_use,ai_user,trusted,OBJ-O-002,"{""task"": ""summarize approved public report""}",allow,allow,proposed,proposed-20260814T022735Z,18,C02-r018,200,allow,allow,true,6.553000,
C02,external_ai,O,true,approved_ai_use,ai_user,trusted,OBJ-O-002,"{""task"": ""summarize approved public report""}",allow,allow,proposed,proposed-20260814T022735Z,19,C02-r019,200,allow,allow,true,8.061800,
C02,external_ai,O,true,approved_ai_use,ai_user,trusted,OBJ-O-002,"{""task"": ""summarize approved public report""}",allow,allow,proposed,proposed-20260814T022735Z,20,C02-r020,200,allow,allow,true,7.277400,
C02,external_ai,O,true,approved_ai_use,ai_user,trusted,OBJ-O-002,"{""task"": ""summarize approved public report""}",allow,allow,proposed,proposed-20260814T022735Z,21,C02-r021,200,allow,allow,true,9.851700,
C02,external_ai,O,true,approved_ai_use,ai_user,trusted,OBJ-O-002,"{""task"": ""summarize approved public report""}",allow,allow,proposed,proposed-20260814T022735Z,22,C02-r022,200,allow,allow,true,7.217500,
C02,external_ai,O,true,approved_ai_use,ai_user,trusted,OBJ-O-002,"{""task"": ""summarize approved public report""}",allow,allow,proposed,proposed-20260814T022735Z,23,C02-r023,200,allow,allow,true,6.386700,
C02,external_ai,O,true,approved_ai_use,ai_user,trusted,OBJ-O-002,"{""task"": ""summarize approved public report""}",allow,allow,proposed,proposed-20260814T022735Z,24,C02-r024,200,allow,allow,true,9.121900,
C02,external_ai,O,true,approved_ai_use,ai_user,trusted,OBJ-O-002,"{""task"": ""summarize approved public report""}",allow,allow,proposed,proposed-20260814T022735Z,25,C02-r025,200,allow,allow,true,7.251900,
C02,external_ai,O,true,approved_ai_use,ai_user,trusted,OBJ-O-002,"{""task"": ""summarize approved public report""}",allow,allow,proposed,proposed-20260814T022735Z,26,C02-r026,200,allow,allow,true,6.220100,
C02,external_ai,O,true,approved_ai_use,ai_user,trusted,OBJ-O-002,"{""task"": ""summarize approved public report""}",allow,allow,proposed,proposed-20260814T022735Z,27,C02-r027,200,allow,allow,true,7.269200,
C02,external_ai,O,true,approved_ai_use,ai_user,trusted,OBJ-O-002,"{""task"": ""summarize approved public report""}",allow,allow,proposed,proposed-20260814T022735Z,28,C02-r028,200,allow,allow,true,6.100100,
C02,external_ai,O,true,approved_ai_use,ai_user,trusted,OBJ-O-002,"{""task"": ""summarize approved public report""}",allow,allow,proposed,proposed-20260814T022735Z,29,C02-r029,200,allow,allow,true,6.443000,
C02,external_ai,O,true,approved_ai_use,ai_user,trusted,OBJ-O-002,"{""task"": ""summarize approved public report""}",allow,allow,proposed,proposed-20260814T022735Z,30,C02-r030,200,allow,allow,true,7.401100,
C03,public,S,true,public_disclosure,publisher,trusted,OBJ-S-001,"{""internal_review"": ""confidential supervisory note""}",allow,deny,proposed,proposed-20260814T022735Z,1,C03-r001,403,deny,deny,true,6.541000,
C03,public,S,true,public_disclosure,publisher,trusted,OBJ-S-001,"{""internal_review"": ""confidential supervisory note""}",allow,deny,proposed,proposed-20260814T022735Z,2,C03-r002,403,deny,deny,true,7.796800,
C03,public,S,true,public_disclosure,publisher,trusted,OBJ-S-001,"{""internal_review"": ""confidential supervisory note""}",allow,deny,proposed,proposed-20260814T022735Z,3,C03-r003,403,deny,deny,true,5.766400,
C03,public,S,true,public_disclosure,publisher,trusted,OBJ-S-001,"{""internal_review"": ""confidential supervisory note""}",allow,deny,proposed,proposed-20260814T022735Z,4,C03-r004,403,deny,deny,true,7.620400,
C03,public,S,true,public_disclosure,publisher,trusted,OBJ-S-001,"{""internal_review"": ""confidential supervisory note""}",allow,deny,proposed,proposed-20260814T022735Z,5,C03-r005,403,deny,deny,true,5.461600,
C03,public,S,true,public_disclosure,publisher,trusted,OBJ-S-001,"{""internal_review"": ""confidential supervisory note""}",allow,deny,proposed,proposed-20260814T022735Z,6,C03-r006,403,deny,deny,true,7.242800,
C03,public,S,true,public_disclosure,publisher,trusted,OBJ-S-001,"{""internal_review"": ""confidential supervisory note""}",allow,deny,proposed,proposed-20260814T022735Z,7,C03-r007,403,deny,deny,true,5.644500,
C03,public,S,true,public_disclosure,publisher,trusted,OBJ-S-001,"{""internal_review"": ""confidential supervisory note""}",allow,deny,proposed,proposed-20260814T022735Z,8,C03-r008,403,deny,deny,true,6.882200,
C03,public,S,true,public_disclosure,publisher,trusted,OBJ-S-001,"{""internal_review"": ""confidential supervisory note""}",allow,deny,proposed,proposed-20260814T022735Z,9,C03-r009,403,deny,deny,true,6.184900,
C03,public,S,true,public_disclosure,publisher,trusted,OBJ-S-001,"{""internal_review"": ""confidential supervisory note""}",allow,deny,proposed,proposed-20260814T022735Z,10,C03-r010,403,deny,deny,true,5.594700,
C03,public,S,true,public_disclosure,publisher,trusted,OBJ-S-001,"{""internal_review"": ""confidential supervisory note""}",allow,deny,proposed,proposed-20260814T022735Z,11,C03-r011,403,deny,deny,true,7.316900,
C03,public,S,true,public_disclosure,publisher,trusted,OBJ-S-001,"{""internal_review"": ""confidential supervisory note""}",allow,deny,proposed,proposed-20260814T022735Z,12,C03-r012,403,deny,deny,true,6.592600,
C03,public,S,true,public_disclosure,publisher,trusted,OBJ-S-001,"{""internal_review"": ""confidential supervisory note""}",allow,deny,proposed,proposed-20260814T022735Z,13,C03-r013,403,deny,deny,true,6.825500,
C03,public,S,true,public_disclosure,publisher,trusted,OBJ-S-001,"{""internal_review"": ""confidential supervisory note""}",allow,deny,proposed,proposed-20260814T022735Z,14,C03-r014,403,deny,deny,true,6.411700,
C03,public,S,true,public_disclosure,publisher,trusted,OBJ-S-001,"{""internal_review"": ""confidential supervisory note""}",allow,deny,proposed,proposed-20260814T022735Z,15,C03-r015,403,deny,deny,true,6.988900,
C03,public,S,true,public_disclosure,publisher,trusted,OBJ-S-001,"{""internal_review"": ""confidential supervisory note""}",allow,deny,proposed,proposed-20260814T022735Z,16,C03-r016,403,deny,deny,true,6.409700,
C03,public,S,true,public_disclosure,publisher,trusted,OBJ-S-001,"{""internal_review"": ""confidential supervisory note""}",allow,deny,proposed,proposed-20260814T022735Z,17,C03-r017,403,deny,deny,true,7.097500,
C03,public,S,true,public_disclosure,publisher,trusted,OBJ-S-001,"{""internal_review"": ""confidential supervisory note""}",allow,deny,proposed,proposed-20260814T022735Z,18,C03-r018,403,deny,deny,true,5.888600,
C03,public,S,true,public_disclosure,publisher,trusted,OBJ-S-001,"{""internal_review"": ""confidential supervisory note""}",allow,deny,proposed,proposed-20260814T022735Z,19,C03-r019,403,deny,deny,true,7.204300,
C03,public,S,true,public_disclosure,publisher,trusted,OBJ-S-001,"{""internal_review"": ""confidential supervisory note""}",allow,deny,proposed,proposed-20260814T022735Z,20,C03-r020,403,deny,deny,true,5.148200,
C03,public,S,true,public_disclosure,publisher,trusted,OBJ-S-001,"{""internal_review"": ""confidential supervisory note""}",allow,deny,proposed,proposed-20260814T022735Z,21,C03-r021,403,deny,deny,true,6.791900,
C03,public,S,true,public_disclosure,publisher,trusted,OBJ-S-001,"{""internal_review"": ""confidential supervisory note""}",allow,deny,proposed,proposed-20260814T022735Z,22,C03-r022,403,deny,deny,true,6.256400,
C03,public,S,true,public_disclosure,publisher,trusted,OBJ-S-001,"{""internal_review"": ""confidential supervisory note""}",allow,deny,proposed,proposed-20260814T022735Z,23,C03-r023,403,deny,deny,true,6.718800,
C03,public,S,true,public_disclosure,publisher,trusted,OBJ-S-001,"{""internal_review"": ""confidential supervisory note""}",allow,deny,proposed,proposed-20260814T022735Z,24,C03-r024,403,deny,deny,true,5.663300,
C03,public,S,true,public_disclosure,publisher,trusted,OBJ-S-001,"{""internal_review"": ""confidential supervisory note""}",allow,deny,proposed,proposed-20260814T022735Z,25,C03-r025,403,deny,deny,true,5.600000,
C03,public,S,true,public_disclosure,publisher,trusted,OBJ-S-001,"{""internal_review"": ""confidential supervisory note""}",allow,deny,proposed,proposed-20260814T022735Z,26,C03-r026,403,deny,deny,true,8.880000,
C03,public,S,true,public_disclosure,publisher,trusted,OBJ-S-001,"{""internal_review"": ""confidential supervisory note""}",allow,deny,proposed,proposed-20260814T022735Z,27,C03-r027,403,deny,deny,true,6.819500,
C03,public,S,true,public_disclosure,publisher,trusted,OBJ-S-001,"{""internal_review"": ""confidential supervisory note""}",allow,deny,proposed,proposed-20260814T022735Z,28,C03-r028,403,deny,deny,true,7.988800,
C03,public,S,true,public_disclosure,publisher,trusted,OBJ-S-001,"{""internal_review"": ""confidential supervisory note""}",allow,deny,proposed,proposed-20260814T022735Z,29,C03-r029,403,deny,deny,true,6.817100,
C03,public,S,true,public_disclosure,publisher,trusted,OBJ-S-001,"{""internal_review"": ""confidential supervisory note""}",allow,deny,proposed,proposed-20260814T022735Z,30,C03-r030,403,deny,deny,true,6.920500,
C04,external_ai,O,true,approved_ai_use,ai_user,trusted,OBJ-O-003,"{""resident_id"": ""900101-1234567"", ""task"": ""summarize""}",allow,deny,proposed,proposed-20260814T022735Z,1,C04-r001,403,deny,deny,true,5.996400,
C04,external_ai,O,true,approved_ai_use,ai_user,trusted,OBJ-O-003,"{""resident_id"": ""900101-1234567"", ""task"": ""summarize""}",allow,deny,proposed,proposed-20260814T022735Z,2,C04-r002,403,deny,deny,true,7.838600,
C04,external_ai,O,true,approved_ai_use,ai_user,trusted,OBJ-O-003,"{""resident_id"": ""900101-1234567"", ""task"": ""summarize""}",allow,deny,proposed,proposed-20260814T022735Z,3,C04-r003,403,deny,deny,true,5.657000,
C04,external_ai,O,true,approved_ai_use,ai_user,trusted,OBJ-O-003,"{""resident_id"": ""900101-1234567"", ""task"": ""summarize""}",allow,deny,proposed,proposed-20260814T022735Z,4,C04-r004,403,deny,deny,true,7.348500,
C04,external_ai,O,true,approved_ai_use,ai_user,trusted,OBJ-O-003,"{""resident_id"": ""900101-1234567"", ""task"": ""summarize""}",allow,deny,proposed,proposed-20260814T022735Z,5,C04-r005,403,deny,deny,true,6.143200,
C04,external_ai,O,true,approved_ai_use,ai_user,trusted,OBJ-O-003,"{""resident_id"": ""900101-1234567"", ""task"": ""summarize""}",allow,deny,proposed,proposed-20260814T022735Z,6,C04-r006,403,deny,deny,true,6.289700,
C04,external_ai,O,true,approved_ai_use,ai_user,trusted,OBJ-O-003,"{""resident_id"": ""900101-1234567"", ""task"": ""summarize""}",allow,deny,proposed,proposed-20260814T022735Z,7,C04-r007,403,deny,deny,true,6.501100,
C04,external_ai,O,true,approved_ai_use,ai_user,trusted,OBJ-O-003,"{""resident_id"": ""900101-1234567"", ""task"": ""summarize""}",allow,deny,proposed,proposed-20260814T022735Z,8,C04-r008,403,deny,deny,true,6.706600,
C04,external_ai,O,true,approved_ai_use,ai_user,trusted,OBJ-O-003,"{""resident_id"": ""900101-1234567"", ""task"": ""summarize""}",allow,deny,proposed,proposed-20260814T022735Z,9,C04-r009,403,deny,deny,true,6.267900,
C04,external_ai,O,true,approved_ai_use,ai_user,trusted,OBJ-O-003,"{""resident_id"": ""900101-1234567"", ""task"": ""summarize""}",allow,deny,proposed,proposed-20260814T022735Z,10,C04-r010,403,deny,deny,true,7.297000,
C04,external_ai,O,true,approved_ai_use,ai_user,trusted,OBJ-O-003,"{""resident_id"": ""900101-1234567"", ""task"": ""summarize""}",allow,deny,proposed,proposed-20260814T022735Z,11,C04-r011,403,deny,deny,true,5.849900,
C04,external_ai,O,true,approved_ai_use,ai_user,trusted,OBJ-O-003,"{""resident_id"": ""900101-1234567"", ""task"": ""summarize""}",allow,deny,proposed,proposed-20260814T022735Z,12,C04-r012,403,deny,deny,true,7.025000,
C04,external_ai,O,true,approved_ai_use,ai_user,trusted,OBJ-O-003,"{""resident_id"": ""900101-1234567"", ""task"": ""summarize""}",allow,deny,proposed,proposed-20260814T022735Z,13,C04-r013,403,deny,deny,true,7.317300,
C04,external_ai,O,true,approved_ai_use,ai_user,trusted,OBJ-O-003,"{""resident_id"": ""900101-1234567"", ""task"": ""summarize""}",allow,deny,proposed,proposed-20260814T022735Z,14,C04-r014,403,deny,deny,true,6.653900,
C04,external_ai,O,true,approved_ai_use,ai_user,trusted,OBJ-O-003,"{""resident_id"": ""900101-1234567"", ""task"": ""summarize""}",allow,deny,proposed,proposed-20260814T022735Z,15,C04-r015,403,deny,deny,true,6.523600,
C04,external_ai,O,true,approved_ai_use,ai_user,trusted,OBJ-O-003,"{""resident_id"": ""900101-1234567"", ""task"": ""summarize""}",allow,deny,proposed,proposed-20260814T022735Z,16,C04-r016,403,deny,deny,true,5.877400,
C04,external_ai,O,true,approved_ai_use,ai_user,trusted,OBJ-O-003,"{""resident_id"": ""900101-1234567"", ""task"": ""summarize""}",allow,deny,proposed,proposed-20260814T022735Z,17,C04-r017,403,deny,deny,true,6.500100,
C04,external_ai,O,true,approved_ai_use,ai_user,trusted,OBJ-O-003,"{""resident_id"": ""900101-1234567"", ""task"": ""summarize""}",allow,deny,proposed,proposed-20260814T022735Z,18,C04-r018,403,deny,deny,true,6.742900,
C04,external_ai,O,true,approved_ai_use,ai_user,trusted,OBJ-O-003,"{""resident_id"": ""900101-1234567"", ""task"": ""summarize""}",allow,deny,proposed,proposed-20260814T022735Z,19,C04-r019,403,deny,deny,true,6.091400,
C04,external_ai,O,true,approved_ai_use,ai_user,trusted,OBJ-O-003,"{""resident_id"": ""900101-1234567"", ""task"": ""summarize""}",allow,deny,proposed,proposed-20260814T022735Z,20,C04-r020,403,deny,deny,true,6.861700,
C04,external_ai,O,true,approved_ai_use,ai_user,trusted,OBJ-O-003,"{""resident_id"": ""900101-1234567"", ""task"": ""summarize""}",allow,deny,proposed,proposed-20260814T022735Z,21,C04-r021,403,deny,deny,true,6.401300,
C04,external_ai,O,true,approved_ai_use,ai_user,trusted,OBJ-O-003,"{""resident_id"": ""900101-1234567"", ""task"": ""summarize""}",allow,deny,proposed,proposed-20260814T022735Z,22,C04-r022,403,deny,deny,true,6.261600,
C04,external_ai,O,true,approved_ai_use,ai_user,trusted,OBJ-O-003,"{""resident_id"": ""900101-1234567"", ""task"": ""summarize""}",allow,deny,proposed,proposed-20260814T022735Z,23,C04-r023,403,deny,deny,true,6.709200,
C04,external_ai,O,true,approved_ai_use,ai_user,trusted,OBJ-O-003,"{""resident_id"": ""900101-1234567"", ""task"": ""summarize""}",allow,deny,proposed,proposed-20260814T022735Z,24,C04-r024,403,deny,deny,true,5.272500,
C04,external_ai,O,true,approved_ai_use,ai_user,trusted,OBJ-O-003,"{""resident_id"": ""900101-1234567"", ""task"": ""summarize""}",allow,deny,proposed,proposed-20260814T022735Z,25,C04-r025,403,deny,deny,true,6.930100,
C04,external_ai,O,true,approved_ai_use,ai_user,trusted,OBJ-O-003,"{""resident_id"": ""900101-1234567"", ""task"": ""summarize""}",allow,deny,proposed,proposed-20260814T022735Z,26,C04-r026,403,deny,deny,true,6.671700,
C04,external_ai,O,true,approved_ai_use,ai_user,trusted,OBJ-O-003,"{""resident_id"": ""900101-1234567"", ""task"": ""summarize""}",allow,deny,proposed,proposed-20260814T022735Z,27,C04-r027,403,deny,deny,true,6.962600,
C04,external_ai,O,true,approved_ai_use,ai_user,trusted,OBJ-O-003,"{""resident_id"": ""900101-1234567"", ""task"": ""summarize""}",allow,deny,proposed,proposed-20260814T022735Z,28,C04-r028,403,deny,deny,true,6.443000,
C04,external_ai,O,true,approved_ai_use,ai_user,trusted,OBJ-O-003,"{""resident_id"": ""900101-1234567"", ""task"": ""summarize""}",allow,deny,proposed,proposed-20260814T022735Z,29,C04-r029,403,deny,deny,true,6.763100,
C04,external_ai,O,true,approved_ai_use,ai_user,trusted,OBJ-O-003,"{""resident_id"": ""900101-1234567"", ""task"": ""summarize""}",allow,deny,proposed,proposed-20260814T022735Z,30,C04-r030,403,deny,deny,true,6.423900,
C05,public,O,false,public_disclosure,publisher,trusted,OBJ-O-004,"{""statistic"": ""unapproved draft""}",deny,deny,proposed,proposed-20260814T022735Z,1,C05-r001,403,deny,deny,true,7.658400,
C05,public,O,false,public_disclosure,publisher,trusted,OBJ-O-004,"{""statistic"": ""unapproved draft""}",deny,deny,proposed,proposed-20260814T022735Z,2,C05-r002,403,deny,deny,true,6.816100,
C05,public,O,false,public_disclosure,publisher,trusted,OBJ-O-004,"{""statistic"": ""unapproved draft""}",deny,deny,proposed,proposed-20260814T022735Z,3,C05-r003,403,deny,deny,true,6.383300,
C05,public,O,false,public_disclosure,publisher,trusted,OBJ-O-004,"{""statistic"": ""unapproved draft""}",deny,deny,proposed,proposed-20260814T022735Z,4,C05-r004,403,deny,deny,true,7.150100,
C05,public,O,false,public_disclosure,publisher,trusted,OBJ-O-004,"{""statistic"": ""unapproved draft""}",deny,deny,proposed,proposed-20260814T022735Z,5,C05-r005,403,deny,deny,true,6.078100,
C05,public,O,false,public_disclosure,publisher,trusted,OBJ-O-004,"{""statistic"": ""unapproved draft""}",deny,deny,proposed,proposed-20260814T022735Z,6,C05-r006,403,deny,deny,true,6.503300,
C05,public,O,false,public_disclosure,publisher,trusted,OBJ-O-004,"{""statistic"": ""unapproved draft""}",deny,deny,proposed,proposed-20260814T022735Z,7,C05-r007,403,deny,deny,true,6.346600,
C05,public,O,false,public_disclosure,publisher,trusted,OBJ-O-004,"{""statistic"": ""unapproved draft""}",deny,deny,proposed,proposed-20260814T022735Z,8,C05-r008,403,deny,deny,true,6.750000,
C05,public,O,false,public_disclosure,publisher,trusted,OBJ-O-004,"{""statistic"": ""unapproved draft""}",deny,deny,proposed,proposed-20260814T022735Z,9,C05-r009,403,deny,deny,true,5.435900,
C05,public,O,false,public_disclosure,publisher,trusted,OBJ-O-004,"{""statistic"": ""unapproved draft""}",deny,deny,proposed,proposed-20260814T022735Z,10,C05-r010,403,deny,deny,true,7.157900,
C05,public,O,false,public_disclosure,publisher,trusted,OBJ-O-004,"{""statistic"": ""unapproved draft""}",deny,deny,proposed,proposed-20260814T022735Z,11,C05-r011,403,deny,deny,true,5.586500,
C05,public,O,false,public_disclosure,publisher,trusted,OBJ-O-004,"{""statistic"": ""unapproved draft""}",deny,deny,proposed,proposed-20260814T022735Z,12,C05-r012,403,deny,deny,true,7.078100,
C05,public,O,false,public_disclosure,publisher,trusted,OBJ-O-004,"{""statistic"": ""unapproved draft""}",deny,deny,proposed,proposed-20260814T022735Z,13,C05-r013,403,deny,deny,true,5.255300,
C05,public,O,false,public_disclosure,publisher,trusted,OBJ-O-004,"{""statistic"": ""unapproved draft""}",deny,deny,proposed,proposed-20260814T022735Z,14,C05-r014,403,deny,deny,true,5.556200,
C05,public,O,false,public_disclosure,publisher,trusted,OBJ-O-004,"{""statistic"": ""unapproved draft""}",deny,deny,proposed,proposed-20260814T022735Z,15,C05-r015,403,deny,deny,true,8.117500,
C05,public,O,false,public_disclosure,publisher,trusted,OBJ-O-004,"{""statistic"": ""unapproved draft""}",deny,deny,proposed,proposed-20260814T022735Z,16,C05-r016,403,deny,deny,true,5.212700,
C05,public,O,false,public_disclosure,publisher,trusted,OBJ-O-004,"{""statistic"": ""unapproved draft""}",deny,deny,proposed,proposed-20260814T022735Z,17,C05-r017,403,deny,deny,true,6.823100,
C05,public,O,false,public_disclosure,publisher,trusted,OBJ-O-004,"{""statistic"": ""unapproved draft""}",deny,deny,proposed,proposed-20260814T022735Z,18,C05-r018,403,deny,deny,true,6.001600,
C05,public,O,false,public_disclosure,publisher,trusted,OBJ-O-004,"{""statistic"": ""unapproved draft""}",deny,deny,proposed,proposed-20260814T022735Z,19,C05-r019,403,deny,deny,true,5.793300,
C05,public,O,false,public_disclosure,publisher,trusted,OBJ-O-004,"{""statistic"": ""unapproved draft""}",deny,deny,proposed,proposed-20260814T022735Z,20,C05-r020,403,deny,deny,true,7.023100,
C05,public,O,false,public_disclosure,publisher,trusted,OBJ-O-004,"{""statistic"": ""unapproved draft""}",deny,deny,proposed,proposed-20260814T022735Z,21,C05-r021,403,deny,deny,true,5.145200,
C05,public,O,false,public_disclosure,publisher,trusted,OBJ-O-004,"{""statistic"": ""unapproved draft""}",deny,deny,proposed,proposed-20260814T022735Z,22,C05-r022,403,deny,deny,true,7.136400,
C05,public,O,false,public_disclosure,publisher,trusted,OBJ-O-004,"{""statistic"": ""unapproved draft""}",deny,deny,proposed,proposed-20260814T022735Z,23,C05-r023,403,deny,deny,true,6.274300,
C05,public,O,false,public_disclosure,publisher,trusted,OBJ-O-004,"{""statistic"": ""unapproved draft""}",deny,deny,proposed,proposed-20260814T022735Z,24,C05-r024,403,deny,deny,true,5.626700,
C05,public,O,false,public_disclosure,publisher,trusted,OBJ-O-004,"{""statistic"": ""unapproved draft""}",deny,deny,proposed,proposed-20260814T022735Z,25,C05-r025,403,deny,deny,true,7.373400,
C05,public,O,false,public_disclosure,publisher,trusted,OBJ-O-004,"{""statistic"": ""unapproved draft""}",deny,deny,proposed,proposed-20260814T022735Z,26,C05-r026,403,deny,deny,true,5.874300,
C05,public,O,false,public_disclosure,publisher,trusted,OBJ-O-004,"{""statistic"": ""unapproved draft""}",deny,deny,proposed,proposed-20260814T022735Z,27,C05-r027,403,deny,deny,true,6.863300,
C05,public,O,false,public_disclosure,publisher,trusted,OBJ-O-004,"{""statistic"": ""unapproved draft""}",deny,deny,proposed,proposed-20260814T022735Z,28,C05-r028,403,deny,deny,true,5.522000,
C05,public,O,false,public_disclosure,publisher,trusted,OBJ-O-004,"{""statistic"": ""unapproved draft""}",deny,deny,proposed,proposed-20260814T022735Z,29,C05-r029,403,deny,deny,true,7.472200,
C05,public,O,false,public_disclosure,publisher,trusted,OBJ-O-004,"{""statistic"": ""unapproved draft""}",deny,deny,proposed,proposed-20260814T022735Z,30,C05-r030,403,deny,deny,true,6.180400,
C06,external_ai,O,true,approved_ai_use,ai_user,untrusted,OBJ-O-005,"{""task"": ""approved public text""}",deny,deny,proposed,proposed-20260814T022735Z,1,C06-r001,403,deny,deny,true,6.847500,
C06,external_ai,O,true,approved_ai_use,ai_user,untrusted,OBJ-O-005,"{""task"": ""approved public text""}",deny,deny,proposed,proposed-20260814T022735Z,2,C06-r002,403,deny,deny,true,9.533600,
C06,external_ai,O,true,approved_ai_use,ai_user,untrusted,OBJ-O-005,"{""task"": ""approved public text""}",deny,deny,proposed,proposed-20260814T022735Z,3,C06-r003,403,deny,deny,true,6.991200,
C06,external_ai,O,true,approved_ai_use,ai_user,untrusted,OBJ-O-005,"{""task"": ""approved public text""}",deny,deny,proposed,proposed-20260814T022735Z,4,C06-r004,403,deny,deny,true,6.373100,
C06,external_ai,O,true,approved_ai_use,ai_user,untrusted,OBJ-O-005,"{""task"": ""approved public text""}",deny,deny,proposed,proposed-20260814T022735Z,5,C06-r005,403,deny,deny,true,6.457500,
C06,external_ai,O,true,approved_ai_use,ai_user,untrusted,OBJ-O-005,"{""task"": ""approved public text""}",deny,deny,proposed,proposed-20260814T022735Z,6,C06-r006,403,deny,deny,true,6.771700,
C06,external_ai,O,true,approved_ai_use,ai_user,untrusted,OBJ-O-005,"{""task"": ""approved public text""}",deny,deny,proposed,proposed-20260814T022735Z,7,C06-r007,403,deny,deny,true,5.880600,
C06,external_ai,O,true,approved_ai_use,ai_user,untrusted,OBJ-O-005,"{""task"": ""approved public text""}",deny,deny,proposed,proposed-20260814T022735Z,8,C06-r008,403,deny,deny,true,7.296200,
C06,external_ai,O,true,approved_ai_use,ai_user,untrusted,OBJ-O-005,"{""task"": ""approved public text""}",deny,deny,proposed,proposed-20260814T022735Z,9,C06-r009,403,deny,deny,true,5.921800,
C06,external_ai,O,true,approved_ai_use,ai_user,untrusted,OBJ-O-005,"{""task"": ""approved public text""}",deny,deny,proposed,proposed-20260814T022735Z,10,C06-r010,403,deny,deny,true,7.500100,
C06,external_ai,O,true,approved_ai_use,ai_user,untrusted,OBJ-O-005,"{""task"": ""approved public text""}",deny,deny,proposed,proposed-20260814T022735Z,11,C06-r011,403,deny,deny,true,6.628400,
C06,external_ai,O,true,approved_ai_use,ai_user,untrusted,OBJ-O-005,"{""task"": ""approved public text""}",deny,deny,proposed,proposed-20260814T022735Z,12,C06-r012,403,deny,deny,true,5.788700,
C06,external_ai,O,true,approved_ai_use,ai_user,untrusted,OBJ-O-005,"{""task"": ""approved public text""}",deny,deny,proposed,proposed-20260814T022735Z,13,C06-r013,403,deny,deny,true,7.979200,
C06,external_ai,O,true,approved_ai_use,ai_user,untrusted,OBJ-O-005,"{""task"": ""approved public text""}",deny,deny,proposed,proposed-20260814T022735Z,14,C06-r014,403,deny,deny,true,7.115700,
C06,external_ai,O,true,approved_ai_use,ai_user,untrusted,OBJ-O-005,"{""task"": ""approved public text""}",deny,deny,proposed,proposed-20260814T022735Z,15,C06-r015,403,deny,deny,true,6.249500,
C06,external_ai,O,true,approved_ai_use,ai_user,untrusted,OBJ-O-005,"{""task"": ""approved public text""}",deny,deny,proposed,proposed-20260814T022735Z,16,C06-r016,403,deny,deny,true,5.533800,
C06,external_ai,O,true,approved_ai_use,ai_user,untrusted,OBJ-O-005,"{""task"": ""approved public text""}",deny,deny,proposed,proposed-20260814T022735Z,17,C06-r017,403,deny,deny,true,7.741900,
C06,external_ai,O,true,approved_ai_use,ai_user,untrusted,OBJ-O-005,"{""task"": ""approved public text""}",deny,deny,proposed,proposed-20260814T022735Z,18,C06-r018,403,deny,deny,true,7.128200,
C06,external_ai,O,true,approved_ai_use,ai_user,untrusted,OBJ-O-005,"{""task"": ""approved public text""}",deny,deny,proposed,proposed-20260814T022735Z,19,C06-r019,403,deny,deny,true,8.670800,
C06,external_ai,O,true,approved_ai_use,ai_user,untrusted,OBJ-O-005,"{""task"": ""approved public text""}",deny,deny,proposed,proposed-20260814T022735Z,20,C06-r020,403,deny,deny,true,8.231600,
C06,external_ai,O,true,approved_ai_use,ai_user,untrusted,OBJ-O-005,"{""task"": ""approved public text""}",deny,deny,proposed,proposed-20260814T022735Z,21,C06-r021,403,deny,deny,true,8.921200,
C06,external_ai,O,true,approved_ai_use,ai_user,untrusted,OBJ-O-005,"{""task"": ""approved public text""}",deny,deny,proposed,proposed-20260814T022735Z,22,C06-r022,403,deny,deny,true,7.070000,
C06,external_ai,O,true,approved_ai_use,ai_user,untrusted,OBJ-O-005,"{""task"": ""approved public text""}",deny,deny,proposed,proposed-20260814T022735Z,23,C06-r023,403,deny,deny,true,8.105100,
C06,external_ai,O,true,approved_ai_use,ai_user,untrusted,OBJ-O-005,"{""task"": ""approved public text""}",deny,deny,proposed,proposed-20260814T022735Z,24,C06-r024,403,deny,deny,true,7.054200,
C06,external_ai,O,true,approved_ai_use,ai_user,untrusted,OBJ-O-005,"{""task"": ""approved public text""}",deny,deny,proposed,proposed-20260814T022735Z,25,C06-r025,403,deny,deny,true,7.433300,
C06,external_ai,O,true,approved_ai_use,ai_user,untrusted,OBJ-O-005,"{""task"": ""approved public text""}",deny,deny,proposed,proposed-20260814T022735Z,26,C06-r026,403,deny,deny,true,6.329800,
C06,external_ai,O,true,approved_ai_use,ai_user,untrusted,OBJ-O-005,"{""task"": ""approved public text""}",deny,deny,proposed,proposed-20260814T022735Z,27,C06-r027,403,deny,deny,true,16.699800,
C06,external_ai,O,true,approved_ai_use,ai_user,untrusted,OBJ-O-005,"{""task"": ""approved public text""}",deny,deny,proposed,proposed-20260814T022735Z,28,C06-r028,403,deny,deny,true,6.161100,
C06,external_ai,O,true,approved_ai_use,ai_user,untrusted,OBJ-O-005,"{""task"": ""approved public text""}",deny,deny,proposed,proposed-20260814T022735Z,29,C06-r029,403,deny,deny,true,7.216600,
C06,external_ai,O,true,approved_ai_use,ai_user,untrusted,OBJ-O-005,"{""task"": ""approved public text""}",deny,deny,proposed,proposed-20260814T022735Z,30,C06-r030,403,deny,deny,true,6.609900,
